season_id,match_id,Date,HomeTeam,AwayTeam,Home_Goals,Away_Goals
68731,3009108,2023-08-11,Burnley FC,Manchester City FC,0,3
68731,3009108,2023-08-11,Burnley FC,Manchester City FC,0,3
68731,3009114,2023-08-12,Newcastle United FC,Aston Villa FC,5,1
68731,3009114,2023-08-12,Newcastle United FC,Aston Villa FC,5,1
68731,3009113,2023-08-12,Sheffield United FC,Crystal Palace FC,0,1
68731,3009113,2023-08-12,Sheffield United FC,Crystal Palace FC,0,1
68731,3009112,2023-08-12,Everton FC,Fulham FC,0,1
68731,3009112,2023-08-12,Everton FC,Fulham FC,0,1
68731,3009111,2023-08-12,Brighton & Hove Albion FC,Luton Town FC,4,1
68731,3009111,2023-08-12,Brighton & Hove Albion FC,Luton Town FC,4,1
68731,3009110,2023-08-12,AFC Bournemouth,West Ham United FC,1,1
68731,3009110,2023-08-12,AFC Bournemouth,West Ham United FC,1,1
68731,3009109,2023-08-12,Arsenal FC,Nottingham Forest FC,2,1
68731,3009109,2023-08-12,Arsenal FC,Nottingham Forest FC,2,1
68731,3009116,2023-08-13,Chelsea FC,Liverpool FC,1,1
68731,3009116,2023-08-13,Chelsea FC,Liverpool FC,1,1
68731,3009115,2023-08-13,Brentford FC,Tottenham Hotspur FC,2,2
68731,3009115,2023-08-13,Brentford FC,Tottenham Hotspur FC,2,2
68731,3009117,2023-08-14,Manchester United FC,Wolverhampton Wanderers FC,1,0
68731,3009117,2023-08-14,Manchester United FC,Wolverhampton Wanderers FC,1,0
68731,3009124,2023-08-18,Nottingham Forest FC,Sheffield United FC,2,1
68731,3009124,2023-08-18,Nottingham Forest FC,Sheffield United FC,2,1
68731,3009123,2023-08-19,Manchester City FC,Newcastle United FC,1,0
68731,3009123,2023-08-19,Manchester City FC,Newcastle United FC,1,0
68731,3009125,2023-08-19,Tottenham Hotspur FC,Manchester United FC,2,0
68731,3009125,2023-08-19,Tottenham Hotspur FC,Manchester United FC,2,0
68731,3009127,2023-08-19,Wolverhampton Wanderers FC,Brighton & Hove Albion FC,1,4
68731,3009127,2023-08-19,Wolverhampton Wanderers FC,Brighton & Hove Albion FC,1,4
68731,3009121,2023-08-19,Liverpool FC,AFC Bournemouth,3,1
68731,3009121,2023-08-19,Liverpool FC,AFC Bournemouth,3,1
68731,3009120,2023-08-19,Fulham FC,Brentford FC,0,3
68731,3009120,2023-08-19,Fulham FC,Brentford FC,0,3
68731,3009126,2023-08-20,West Ham United FC,Chelsea FC,3,1
68731,3009126,2023-08-20,West Ham United FC,Chelsea FC,3,1
68731,3009118,2023-08-20,Aston Villa FC,Everton FC,4,0
68731,3009118,2023-08-20,Aston Villa FC,Everton FC,4,0
68731,3009119,2023-08-21,Crystal Palace FC,Arsenal FC,0,1
68731,3009119,2023-08-21,Crystal Palace FC,Arsenal FC,0,1
68731,3009133,2023-08-25,Chelsea FC,Luton Town FC,3,0
68731,3009133,2023-08-25,Chelsea FC,Luton Town FC,3,0
68731,3009131,2023-08-26,Brighton & Hove Albion FC,West Ham United FC,1,3
68731,3009131,2023-08-26,Brighton & Hove Albion FC,West Ham United FC,1,3
68731,3009135,2023-08-26,Manchester United FC,Nottingham Forest FC,3,2
68731,3009135,2023-08-26,Manchester United FC,Nottingham Forest FC,3,2
68731,3009134,2023-08-26,Everton FC,Wolverhampton Wanderers FC,0,1
68731,3009134,2023-08-26,Everton FC,Wolverhampton Wanderers FC,0,1
68731,3009130,2023-08-26,Brentford FC,Crystal Palace FC,1,1
68731,3009130,2023-08-26,Brentford FC,Crystal Palace FC,1,1
68731,3009129,2023-08-26,Arsenal FC,Fulham FC,2,2
68731,3009129,2023-08-26,Arsenal FC,Fulham FC,2,2
68731,3009128,2023-08-26,AFC Bournemouth,Tottenham Hotspur FC,0,2
68731,3009128,2023-08-26,AFC Bournemouth,Tottenham Hotspur FC,0,2
68731,3009136,2023-08-27,Newcastle United FC,Liverpool FC,1,2
68731,3009136,2023-08-27,Newcastle United FC,Liverpool FC,1,2
68731,3009137,2023-08-27,Sheffield United FC,Manchester City FC,1,2
68731,3009137,2023-08-27,Sheffield United FC,Manchester City FC,1,2
68731,3009132,2023-08-27,Burnley FC,Aston Villa FC,1,3
68731,3009132,2023-08-27,Burnley FC,Aston Villa FC,1,3
68731,3009145,2023-09-01,Luton Town FC,West Ham United FC,1,2
68731,3009145,2023-09-01,Luton Town FC,West Ham United FC,1,2
68731,3009140,2023-09-02,Brighton & Hove Albion FC,Newcastle United FC,3,1
68731,3009140,2023-09-02,Brighton & Hove Albion FC,Newcastle United FC,3,1
68731,3009146,2023-09-02,Manchester City FC,Fulham FC,5,1
68731,3009146,2023-09-02,Manchester City FC,Fulham FC,5,1
68731,3009142,2023-09-02,Chelsea FC,Nottingham Forest FC,0,1
68731,3009142,2023-09-02,Chelsea FC,Nottingham Forest FC,0,1
68731,3009141,2023-09-02,Burnley FC,Tottenham Hotspur FC,2,5
68731,3009141,2023-09-02,Burnley FC,Tottenham Hotspur FC,2,5
68731,3009139,2023-09-02,Brentford FC,AFC Bournemouth,2,2
68731,3009139,2023-09-02,Brentford FC,AFC Bournemouth,2,2
68731,3009147,2023-09-02,Sheffield United FC,Everton FC,2,2
68731,3009147,2023-09-02,Sheffield United FC,Everton FC,2,2
68731,3009138,2023-09-03,Arsenal FC,Manchester United FC,3,1
68731,3009138,2023-09-03,Arsenal FC,Manchester United FC,3,1
68731,3009144,2023-09-03,Liverpool FC,Aston Villa FC,3,0
68731,3009144,2023-09-03,Liverpool FC,Aston Villa FC,3,0
68731,3009143,2023-09-03,Crystal Palace FC,Wolverhampton Wanderers FC,3,2
68731,3009143,2023-09-03,Crystal Palace FC,Wolverhampton Wanderers FC,3,2
68731,3009153,2023-09-16,Newcastle United FC,Brentford FC,1,0
68731,3009153,2023-09-16,Newcastle United FC,Brentford FC,1,0
68731,3009156,2023-09-16,West Ham United FC,Manchester City FC,1,3
68731,3009156,2023-09-16,West Ham United FC,Manchester City FC,1,3
68731,3009155,2023-09-16,Tottenham Hotspur FC,Sheffield United FC,2,1
68731,3009155,2023-09-16,Tottenham Hotspur FC,Sheffield United FC,2,1
68731,3009152,2023-09-16,Manchester United FC,Brighton & Hove Albion FC,1,3
68731,3009152,2023-09-16,Manchester United FC,Brighton & Hove Albion FC,1,3
68731,3009151,2023-09-16,Fulham FC,Luton Town FC,1,0
68731,3009151,2023-09-16,Fulham FC,Luton Town FC,1,0
68731,3009149,2023-09-16,Aston Villa FC,Crystal Palace FC,3,1
68731,3009149,2023-09-16,Aston Villa FC,Crystal Palace FC,3,1
68731,3009157,2023-09-16,Wolverhampton Wanderers FC,Liverpool FC,1,3
68731,3009157,2023-09-16,Wolverhampton Wanderers FC,Liverpool FC,1,3
68731,3009150,2023-09-17,Everton FC,Arsenal FC,0,1
68731,3009150,2023-09-17,Everton FC,Arsenal FC,0,1
68731,3009148,2023-09-17,AFC Bournemouth,Chelsea FC,0,0
68731,3009148,2023-09-17,AFC Bournemouth,Chelsea FC,0,0
68731,3009154,2023-09-18,Nottingham Forest FC,Burnley FC,1,1
68731,3009154,2023-09-18,Nottingham Forest FC,Burnley FC,1,1
68731,3009161,2023-09-23,Burnley FC,Manchester United FC,0,1
68731,3009161,2023-09-23,Burnley FC,Manchester United FC,0,1
68731,3009159,2023-09-23,Brentford FC,Everton FC,1,3
68731,3009159,2023-09-23,Brentford FC,Everton FC,1,3
68731,3009166,2023-09-23,Manchester City FC,Nottingham Forest FC,2,0
68731,3009166,2023-09-23,Manchester City FC,Nottingham Forest FC,2,0
68731,3009165,2023-09-23,Luton Town FC,Wolverhampton Wanderers FC,1,1
68731,3009165,2023-09-23,Luton Town FC,Wolverhampton Wanderers FC,1,1
68731,3009163,2023-09-23,Crystal Palace FC,Fulham FC,0,0
68731,3009163,2023-09-23,Crystal Palace FC,Fulham FC,0,0
68731,3009167,2023-09-24,Sheffield United FC,Newcastle United FC,0,8
68731,3009167,2023-09-24,Sheffield United FC,Newcastle United FC,0,8
68731,3009164,2023-09-24,Liverpool FC,West Ham United FC,3,1
68731,3009164,2023-09-24,Liverpool FC,West Ham United FC,3,1
68731,3009162,2023-09-24,Chelsea FC,Aston Villa FC,0,1
68731,3009162,2023-09-24,Chelsea FC,Aston Villa FC,0,1
68731,3009160,2023-09-24,Brighton & Hove Albion FC,AFC Bournemouth,3,1
68731,3009160,2023-09-24,Brighton & Hove Albion FC,AFC Bournemouth,3,1
68731,3009158,2023-09-24,Arsenal FC,Tottenham Hotspur FC,2,2
68731,3009158,2023-09-24,Arsenal FC,Tottenham Hotspur FC,2,2
68731,3009175,2023-09-30,Tottenham Hotspur FC,Liverpool FC,2,1
68731,3009175,2023-09-30,Tottenham Hotspur FC,Liverpool FC,2,1
68731,3009177,2023-09-30,Wolverhampton Wanderers FC,Manchester City FC,2,1
68731,3009177,2023-09-30,Wolverhampton Wanderers FC,Manchester City FC,2,1
68731,3009176,2023-09-30,West Ham United FC,Sheffield United FC,2,0
68731,3009176,2023-09-30,West Ham United FC,Sheffield United FC,2,0
68731,3009173,2023-09-30,Newcastle United FC,Burnley FC,2,0
68731,3009173,2023-09-30,Newcastle United FC,Burnley FC,2,0
68731,3009172,2023-09-30,Manchester United FC,Crystal Palace FC,0,1
68731,3009172,2023-09-30,Manchester United FC,Crystal Palace FC,0,1
68731,3009170,2023-09-30,Everton FC,Luton Town FC,1,2
68731,3009170,2023-09-30,Everton FC,Luton Town FC,1,2
68731,3009168,2023-09-30,AFC Bournemouth,Arsenal FC,0,4
68731,3009168,2023-09-30,AFC Bournemouth,Arsenal FC,0,4
68731,3009169,2023-09-30,Aston Villa FC,Brighton & Hove Albion FC,6,1
68731,3009169,2023-09-30,Aston Villa FC,Brighton & Hove Albion FC,6,1
68731,3009174,2023-10-01,Nottingham Forest FC,Brentford FC,1,1
68731,3009174,2023-10-01,Nottingham Forest FC,Brentford FC,1,1
68731,3009171,2023-10-02,Fulham FC,Chelsea FC,0,2
68731,3009171,2023-10-02,Fulham FC,Chelsea FC,0,2
68731,3009122,2023-10-03,Luton Town FC,Burnley FC,1,2
68731,3009122,2023-10-03,Luton Town FC,Burnley FC,1,2
68731,3009181,2023-10-07,Crystal Palace FC,Nottingham Forest FC,0,0
68731,3009181,2023-10-07,Crystal Palace FC,Nottingham Forest FC,0,0
68731,3009185,2023-10-07,Manchester United FC,Brentford FC,2,1
68731,3009185,2023-10-07,Manchester United FC,Brentford FC,2,1
68731,3009183,2023-10-07,Fulham FC,Sheffield United FC,3,1
68731,3009183,2023-10-07,Fulham FC,Sheffield United FC,3,1
68731,3009182,2023-10-07,Everton FC,AFC Bournemouth,3,0
68731,3009182,2023-10-07,Everton FC,AFC Bournemouth,3,0
68731,3009180,2023-10-07,Burnley FC,Chelsea FC,1,4
68731,3009180,2023-10-07,Burnley FC,Chelsea FC,1,4
68731,3009184,2023-10-07,Luton Town FC,Tottenham Hotspur FC,0,1
68731,3009184,2023-10-07,Luton Town FC,Tottenham Hotspur FC,0,1
68731,3009178,2023-10-08,Arsenal FC,Manchester City FC,1,0
68731,3009178,2023-10-08,Arsenal FC,Manchester City FC,1,0
68731,3009187,2023-10-08,Wolverhampton Wanderers FC,Aston Villa FC,1,1
68731,3009187,2023-10-08,Wolverhampton Wanderers FC,Aston Villa FC,1,1
68731,3009186,2023-10-08,West Ham United FC,Newcastle United FC,2,2
68731,3009186,2023-10-08,West Ham United FC,Newcastle United FC,2,2
68731,3009179,2023-10-08,Brighton & Hove Albion FC,Liverpool FC,2,2
68731,3009179,2023-10-08,Brighton & Hove Albion FC,Liverpool FC,2,2
68731,3009196,2023-10-21,Sheffield United FC,Manchester United FC,1,2
68731,3009196,2023-10-21,Sheffield United FC,Manchester United FC,1,2
68731,3009191,2023-10-21,Chelsea FC,Arsenal FC,2,2
68731,3009191,2023-10-21,Chelsea FC,Arsenal FC,2,2
68731,3009195,2023-10-21,Nottingham Forest FC,Luton Town FC,2,2
68731,3009195,2023-10-21,Nottingham Forest FC,Luton Town FC,2,2
68731,3009194,2023-10-21,Newcastle United FC,Crystal Palace FC,4,0
68731,3009194,2023-10-21,Newcastle United FC,Crystal Palace FC,4,0
68731,3009193,2023-10-21,Manchester City FC,Brighton & Hove Albion FC,2,1
68731,3009193,2023-10-21,Manchester City FC,Brighton & Hove Albion FC,2,1
68731,3009190,2023-10-21,Brentford FC,Burnley FC,3,0
68731,3009190,2023-10-21,Brentford FC,Burnley FC,3,0
68731,3009188,2023-10-21,AFC Bournemouth,Wolverhampton Wanderers FC,1,2
68731,3009188,2023-10-21,AFC Bournemouth,Wolverhampton Wanderers FC,1,2
68731,3009192,2023-10-21,Liverpool FC,Everton FC,2,0
68731,3009192,2023-10-21,Liverpool FC,Everton FC,2,0
68731,3009189,2023-10-22,Aston Villa FC,West Ham United FC,4,1
68731,3009189,2023-10-22,Aston Villa FC,West Ham United FC,4,1
68731,3009197,2023-10-23,Tottenham Hotspur FC,Fulham FC,2,0
68731,3009197,2023-10-23,Tottenham Hotspur FC,Fulham FC,2,0
68731,3009203,2023-10-27,Crystal Palace FC,Tottenham Hotspur FC,1,2
68731,3009203,2023-10-27,Crystal Palace FC,Tottenham Hotspur FC,1,2
68731,3009207,2023-10-28,Wolverhampton Wanderers FC,Newcastle United FC,2,2
68731,3009207,2023-10-28,Wolverhampton Wanderers FC,Newcastle United FC,2,2
68731,3009198,2023-10-28,AFC Bournemouth,Burnley FC,2,1
68731,3009198,2023-10-28,AFC Bournemouth,Burnley FC,2,1
68731,3009199,2023-10-28,Arsenal FC,Sheffield United FC,5,0
68731,3009199,2023-10-28,Arsenal FC,Sheffield United FC,5,0
68731,3009202,2023-10-28,Chelsea FC,Brentford FC,0,2
68731,3009202,2023-10-28,Chelsea FC,Brentford FC,0,2
68731,3009205,2023-10-29,Manchester United FC,Manchester City FC,0,3
68731,3009205,2023-10-29,Manchester United FC,Manchester City FC,0,3
68731,3009204,2023-10-29,Liverpool FC,Nottingham Forest FC,3,0
68731,3009204,2023-10-29,Liverpool FC,Nottingham Forest FC,3,0
68731,3009201,2023-10-29,Brighton & Hove Albion FC,Fulham FC,1,1
68731,3009201,2023-10-29,Brighton & Hove Albion FC,Fulham FC,1,1
68731,3009200,2023-10-29,Aston Villa FC,Luton Town FC,3,1
68731,3009200,2023-10-29,Aston Villa FC,Luton Town FC,3,1
68731,3009206,2023-10-29,West Ham United FC,Everton FC,0,1
68731,3009206,2023-10-29,West Ham United FC,Everton FC,0,1
68731,3009214,2023-11-04,Newcastle United FC,Arsenal FC,1,0
68731,3009214,2023-11-04,Newcastle United FC,Arsenal FC,1,0
68731,3009216,2023-11-04,Sheffield United FC,Wolverhampton Wanderers FC,2,1
68731,3009216,2023-11-04,Sheffield United FC,Wolverhampton Wanderers FC,2,1
68731,3009213,2023-11-04,Manchester City FC,AFC Bournemouth,6,1
68731,3009213,2023-11-04,Manchester City FC,AFC Bournemouth,6,1
68731,3009210,2023-11-04,Everton FC,Brighton & Hove Albion FC,1,1
68731,3009210,2023-11-04,Everton FC,Brighton & Hove Albion FC,1,1
68731,3009209,2023-11-04,Burnley FC,Crystal Palace FC,0,2
68731,3009209,2023-11-04,Burnley FC,Crystal Palace FC,0,2
68731,3009208,2023-11-04,Brentford FC,West Ham United FC,3,2
68731,3009208,2023-11-04,Brentford FC,West Ham United FC,3,2
68731,3009211,2023-11-04,Fulham FC,Manchester United FC,0,1
68731,3009211,2023-11-04,Fulham FC,Manchester United FC,0,1
68731,3009212,2023-11-05,Luton Town FC,Liverpool FC,1,1
68731,3009212,2023-11-05,Luton Town FC,Liverpool FC,1,1
68731,3009215,2023-11-05,Nottingham Forest FC,Aston Villa FC,2,0
68731,3009215,2023-11-05,Nottingham Forest FC,Aston Villa FC,2,0
68731,3009217,2023-11-06,Tottenham Hotspur FC,Chelsea FC,1,4
68731,3009217,2023-11-06,Tottenham Hotspur FC,Chelsea FC,1,4
68731,3009218,2023-11-11,AFC Bournemouth,Newcastle United FC,2,0
68731,3009218,2023-11-11,AFC Bournemouth,Newcastle United FC,2,0
68731,3009225,2023-11-11,Manchester United FC,Luton Town FC,1,0
68731,3009225,2023-11-11,Manchester United FC,Luton Town FC,1,0
68731,3009223,2023-11-11,Crystal Palace FC,Everton FC,2,3
68731,3009223,2023-11-11,Crystal Palace FC,Everton FC,2,3
68731,3009219,2023-11-11,Arsenal FC,Burnley FC,3,1
68731,3009219,2023-11-11,Arsenal FC,Burnley FC,3,1
68731,3009227,2023-11-11,Wolverhampton Wanderers FC,Tottenham Hotspur FC,2,1
68731,3009227,2023-11-11,Wolverhampton Wanderers FC,Tottenham Hotspur FC,2,1
68731,3009222,2023-11-12,Chelsea FC,Manchester City FC,4,4
68731,3009222,2023-11-12,Chelsea FC,Manchester City FC,4,4
68731,3009226,2023-11-12,West Ham United FC,Nottingham Forest FC,3,2
68731,3009226,2023-11-12,West Ham United FC,Nottingham Forest FC,3,2
68731,3009224,2023-11-12,Liverpool FC,Brentford FC,3,0
68731,3009224,2023-11-12,Liverpool FC,Brentford FC,3,0
68731,3009221,2023-11-12,Brighton & Hove Albion FC,Sheffield United FC,1,1
68731,3009221,2023-11-12,Brighton & Hove Albion FC,Sheffield United FC,1,1
68731,3009220,2023-11-12,Aston Villa FC,Fulham FC,3,1
68731,3009220,2023-11-12,Aston Villa FC,Fulham FC,3,1
68731,3009228,2023-11-25,Brentford FC,Arsenal FC,0,1
68731,3009228,2023-11-25,Brentford FC,Arsenal FC,0,1
68731,3009236,2023-11-25,Sheffield United FC,AFC Bournemouth,1,3
68731,3009236,2023-11-25,Sheffield United FC,AFC Bournemouth,1,3
68731,3009235,2023-11-25,Nottingham Forest FC,Brighton & Hove Albion FC,2,3
68731,3009235,2023-11-25,Nottingham Forest FC,Brighton & Hove Albion FC,2,3
68731,3009234,2023-11-25,Newcastle United FC,Chelsea FC,4,1
68731,3009234,2023-11-25,Newcastle United FC,Chelsea FC,4,1
68731,3009232,2023-11-25,Luton Town FC,Crystal Palace FC,2,1
68731,3009232,2023-11-25,Luton Town FC,Crystal Palace FC,2,1
68731,3009229,2023-11-25,Burnley FC,West Ham United FC,1,2
68731,3009229,2023-11-25,Burnley FC,West Ham United FC,1,2
68731,3009233,2023-11-25,Manchester City FC,Liverpool FC,1,1
68731,3009233,2023-11-25,Manchester City FC,Liverpool FC,1,1
68731,3009230,2023-11-26,Everton FC,Manchester United FC,0,3
68731,3009230,2023-11-26,Everton FC,Manchester United FC,0,3
68731,3009237,2023-11-26,Tottenham Hotspur FC,Aston Villa FC,1,2
68731,3009237,2023-11-26,Tottenham Hotspur FC,Aston Villa FC,1,2
68731,3009231,2023-11-27,Fulham FC,Wolverhampton Wanderers FC,3,2
68731,3009231,2023-11-27,Fulham FC,Wolverhampton Wanderers FC,3,2
68731,3009245,2023-12-02,Newcastle United FC,Manchester United FC,1,0
68731,3009245,2023-12-02,Newcastle United FC,Manchester United FC,1,0
68731,3009246,2023-12-02,Nottingham Forest FC,Everton FC,0,1
68731,3009246,2023-12-02,Nottingham Forest FC,Everton FC,0,1
68731,3009241,2023-12-02,Burnley FC,Sheffield United FC,5,0
68731,3009241,2023-12-02,Burnley FC,Sheffield United FC,5,0
68731,3009240,2023-12-02,Brentford FC,Luton Town FC,3,1
68731,3009240,2023-12-02,Brentford FC,Luton Town FC,3,1
68731,3009239,2023-12-02,Arsenal FC,Wolverhampton Wanderers FC,2,1
68731,3009239,2023-12-02,Arsenal FC,Wolverhampton Wanderers FC,2,1
68731,3009244,2023-12-03,Manchester City FC,Tottenham Hotspur FC,3,3
68731,3009244,2023-12-03,Manchester City FC,Tottenham Hotspur FC,3,3
68731,3009247,2023-12-03,West Ham United FC,Crystal Palace FC,1,1
68731,3009247,2023-12-03,West Ham United FC,Crystal Palace FC,1,1
68731,3009243,2023-12-03,Liverpool FC,Fulham FC,4,3
68731,3009243,2023-12-03,Liverpool FC,Fulham FC,4,3
68731,3009242,2023-12-03,Chelsea FC,Brighton & Hove Albion FC,3,2
68731,3009242,2023-12-03,Chelsea FC,Brighton & Hove Albion FC,3,2
68731,3009238,2023-12-03,AFC Bournemouth,Aston Villa FC,2,2
68731,3009238,2023-12-03,AFC Bournemouth,Aston Villa FC,2,2
68731,3009252,2023-12-05,Luton Town FC,Arsenal FC,3,4
68731,3009252,2023-12-05,Luton Town FC,Arsenal FC,3,4
68731,3009255,2023-12-05,Wolverhampton Wanderers FC,Burnley FC,1,0
68731,3009255,2023-12-05,Wolverhampton Wanderers FC,Burnley FC,1,0
68731,3009257,2023-12-06,Manchester United FC,Chelsea FC,2,1
68731,3009257,2023-12-06,Manchester United FC,Chelsea FC,2,1
68731,3009248,2023-12-06,Aston Villa FC,Manchester City FC,1,0
68731,3009248,2023-12-06,Aston Villa FC,Manchester City FC,1,0
68731,3009253,2023-12-06,Sheffield United FC,Liverpool FC,0,2
68731,3009253,2023-12-06,Sheffield United FC,Liverpool FC,0,2
68731,3009251,2023-12-06,Fulham FC,Nottingham Forest FC,5,0
68731,3009251,2023-12-06,Fulham FC,Nottingham Forest FC,5,0
68731,3009256,2023-12-06,Crystal Palace FC,AFC Bournemouth,0,2
68731,3009256,2023-12-06,Crystal Palace FC,AFC Bournemouth,0,2
68731,3009249,2023-12-06,Brighton & Hove Albion FC,Brentford FC,2,1
68731,3009249,2023-12-06,Brighton & Hove Albion FC,Brentford FC,2,1
68731,3009254,2023-12-07,Tottenham Hotspur FC,West Ham United FC,1,2
68731,3009254,2023-12-07,Tottenham Hotspur FC,West Ham United FC,1,2
68731,3009250,2023-12-07,Everton FC,Newcastle United FC,3,0
68731,3009250,2023-12-07,Everton FC,Newcastle United FC,3,0
68731,3009258,2023-12-09,Aston Villa FC,Arsenal FC,1,0
68731,3009258,2023-12-09,Aston Villa FC,Arsenal FC,1,0
68731,3009267,2023-12-09,Wolverhampton Wanderers FC,Nottingham Forest FC,1,1
68731,3009267,2023-12-09,Wolverhampton Wanderers FC,Nottingham Forest FC,1,1
68731,3009265,2023-12-09,Sheffield United FC,Brentford FC,1,0
68731,3009265,2023-12-09,Sheffield United FC,Brentford FC,1,0
68731,3009264,2023-12-09,Manchester United FC,AFC Bournemouth,0,3
68731,3009264,2023-12-09,Manchester United FC,AFC Bournemouth,0,3
68731,3009259,2023-12-09,Brighton & Hove Albion FC,Burnley FC,1,1
68731,3009259,2023-12-09,Brighton & Hove Albion FC,Burnley FC,1,1
68731,3009260,2023-12-09,Crystal Palace FC,Liverpool FC,1,2
68731,3009260,2023-12-09,Crystal Palace FC,Liverpool FC,1,2
68731,3009266,2023-12-10,Tottenham Hotspur FC,Newcastle United FC,4,1
68731,3009266,2023-12-10,Tottenham Hotspur FC,Newcastle United FC,4,1
68731,3009263,2023-12-10,Luton Town FC,Manchester City FC,1,2
68731,3009263,2023-12-10,Luton Town FC,Manchester City FC,1,2
68731,3009262,2023-12-10,Fulham FC,West Ham United FC,5,0
68731,3009262,2023-12-10,Fulham FC,West Ham United FC,5,0
68731,3009261,2023-12-10,Everton FC,Chelsea FC,2,0
68731,3009261,2023-12-10,Everton FC,Chelsea FC,2,0
68731,3009276,2023-12-15,Nottingham Forest FC,Tottenham Hotspur FC,0,2
68731,3009276,2023-12-15,Nottingham Forest FC,Tottenham Hotspur FC,0,2
68731,3009271,2023-12-16,Burnley FC,Everton FC,0,2
68731,3009271,2023-12-16,Burnley FC,Everton FC,0,2
68731,3009275,2023-12-16,Newcastle United FC,Fulham FC,3,0
68731,3009275,2023-12-16,Newcastle United FC,Fulham FC,3,0
68731,3009274,2023-12-16,Manchester City FC,Crystal Palace FC,2,2
68731,3009274,2023-12-16,Manchester City FC,Crystal Palace FC,2,2
68731,3009272,2023-12-16,Chelsea FC,Sheffield United FC,2,0
68731,3009272,2023-12-16,Chelsea FC,Sheffield United FC,2,0
68731,3009273,2023-12-17,Liverpool FC,Manchester United FC,0,0
68731,3009273,2023-12-17,Liverpool FC,Manchester United FC,0,0
68731,3009277,2023-12-17,West Ham United FC,Wolverhampton Wanderers FC,3,0
68731,3009277,2023-12-17,West Ham United FC,Wolverhampton Wanderers FC,3,0
68731,3009270,2023-12-17,Brentford FC,Aston Villa FC,1,2
68731,3009270,2023-12-17,Brentford FC,Aston Villa FC,1,2
68731,3009269,2023-12-17,Arsenal FC,Brighton & Hove Albion FC,2,0
68731,3009269,2023-12-17,Arsenal FC,Brighton & Hove Albion FC,2,0
68731,3009279,2023-12-21,Crystal Palace FC,Brighton & Hove Albion FC,1,1
68731,3009279,2023-12-21,Crystal Palace FC,Brighton & Hove Albion FC,1,1
68731,3009278,2023-12-22,Aston Villa FC,Sheffield United FC,1,1
68731,3009278,2023-12-22,Aston Villa FC,Sheffield United FC,1,1
68731,3009281,2023-12-23,Liverpool FC,Arsenal FC,1,1
68731,3009281,2023-12-23,Liverpool FC,Arsenal FC,1,1
68731,3009285,2023-12-23,Tottenham Hotspur FC,Everton FC,2,1
68731,3009285,2023-12-23,Tottenham Hotspur FC,Everton FC,2,1
68731,3009284,2023-12-23,Nottingham Forest FC,AFC Bournemouth,2,3
68731,3009284,2023-12-23,Nottingham Forest FC,AFC Bournemouth,2,3
68731,3009282,2023-12-23,Luton Town FC,Newcastle United FC,1,0
68731,3009282,2023-12-23,Luton Town FC,Newcastle United FC,1,0
68731,3009280,2023-12-23,Fulham FC,Burnley FC,0,2
68731,3009280,2023-12-23,Fulham FC,Burnley FC,0,2
68731,3009286,2023-12-23,West Ham United FC,Manchester United FC,2,0
68731,3009286,2023-12-23,West Ham United FC,Manchester United FC,2,0
68731,3009287,2023-12-24,Wolverhampton Wanderers FC,Chelsea FC,2,1
68731,3009287,2023-12-24,Wolverhampton Wanderers FC,Chelsea FC,2,1
68731,3009295,2023-12-26,Manchester United FC,Aston Villa FC,3,2
68731,3009295,2023-12-26,Manchester United FC,Aston Villa FC,3,2
68731,3009292,2023-12-26,Burnley FC,Liverpool FC,0,2
68731,3009292,2023-12-26,Burnley FC,Liverpool FC,0,2
68731,3009297,2023-12-26,Sheffield United FC,Luton Town FC,2,3
68731,3009297,2023-12-26,Sheffield United FC,Luton Town FC,2,3
68731,3009288,2023-12-26,AFC Bournemouth,Fulham FC,3,0
68731,3009288,2023-12-26,AFC Bournemouth,Fulham FC,3,0
68731,3009296,2023-12-26,Newcastle United FC,Nottingham Forest FC,1,3
68731,3009296,2023-12-26,Newcastle United FC,Nottingham Forest FC,1,3
68731,3009294,2023-12-27,Everton FC,Manchester City FC,1,3
68731,3009294,2023-12-27,Everton FC,Manchester City FC,1,3
68731,3009293,2023-12-27,Chelsea FC,Crystal Palace FC,2,1
68731,3009293,2023-12-27,Chelsea FC,Crystal Palace FC,2,1
68731,3009290,2023-12-27,Brentford FC,Wolverhampton Wanderers FC,1,4
68731,3009290,2023-12-27,Brentford FC,Wolverhampton Wanderers FC,1,4
68731,3009289,2023-12-28,Arsenal FC,West Ham United FC,0,2
68731,3009289,2023-12-28,Arsenal FC,West Ham United FC,0,2
68731,3009291,2023-12-28,Brighton & Hove Albion FC,Tottenham Hotspur FC,4,2
68731,3009291,2023-12-28,Brighton & Hove Albion FC,Tottenham Hotspur FC,4,2
68731,3009304,2023-12-30,Nottingham Forest FC,Manchester United FC,2,1
68731,3009304,2023-12-30,Nottingham Forest FC,Manchester United FC,2,1
68731,3009307,2023-12-30,Wolverhampton Wanderers FC,Everton FC,3,0
68731,3009307,2023-12-30,Wolverhampton Wanderers FC,Everton FC,3,0
68731,3009303,2023-12-30,Manchester City FC,Sheffield United FC,2,0
68731,3009303,2023-12-30,Manchester City FC,Sheffield United FC,2,0
68731,3009299,2023-12-30,Crystal Palace FC,Brentford FC,3,1
68731,3009299,2023-12-30,Crystal Palace FC,Brentford FC,3,1
68731,3009298,2023-12-30,Aston Villa FC,Burnley FC,3,2
68731,3009298,2023-12-30,Aston Villa FC,Burnley FC,3,2
68731,3009302,2023-12-30,Luton Town FC,Chelsea FC,2,3
68731,3009302,2023-12-30,Luton Town FC,Chelsea FC,2,3
68731,3009305,2023-12-31,Tottenham Hotspur FC,AFC Bournemouth,3,1
68731,3009305,2023-12-31,Tottenham Hotspur FC,AFC Bournemouth,3,1
68731,3009300,2023-12-31,Fulham FC,Arsenal FC,2,1
68731,3009300,2023-12-31,Fulham FC,Arsenal FC,2,1
68731,3009301,2024-01-01,Liverpool FC,Newcastle United FC,4,2
68731,3009301,2024-01-01,Liverpool FC,Newcastle United FC,4,2
68731,3009306,2024-01-02,West Ham United FC,Brighton & Hove Albion FC,0,0
68731,3009306,2024-01-02,West Ham United FC,Brighton & Hove Albion FC,0,0
68731,3009312,2024-01-12,Burnley FC,Luton Town FC,1,1
68731,3009312,2024-01-12,Burnley FC,Luton Town FC,1,1
68731,3009316,2024-01-13,Newcastle United FC,Manchester City FC,2,3
68731,3009316,2024-01-13,Newcastle United FC,Manchester City FC,2,3
68731,3009313,2024-01-13,Chelsea FC,Fulham FC,1,0
68731,3009313,2024-01-13,Chelsea FC,Fulham FC,1,0
68731,3009315,2024-01-14,Manchester United FC,Tottenham Hotspur FC,2,2
68731,3009315,2024-01-14,Manchester United FC,Tottenham Hotspur FC,2,2
68731,3009314,2024-01-14,Everton FC,Aston Villa FC,0,0
68731,3009314,2024-01-14,Everton FC,Aston Villa FC,0,0
68731,3009310,2024-01-20,Brentford FC,Nottingham Forest FC,3,2
68731,3009310,2024-01-20,Brentford FC,Nottingham Forest FC,3,2
68731,3009309,2024-01-20,Arsenal FC,Crystal Palace FC,5,0
68731,3009309,2024-01-20,Arsenal FC,Crystal Palace FC,5,0
68731,3009308,2024-01-21,AFC Bournemouth,Liverpool FC,0,4
68731,3009308,2024-01-21,AFC Bournemouth,Liverpool FC,0,4
68731,3009317,2024-01-21,Sheffield United FC,West Ham United FC,2,2
68731,3009317,2024-01-21,Sheffield United FC,West Ham United FC,2,2
68731,3009311,2024-01-22,Brighton & Hove Albion FC,Wolverhampton Wanderers FC,0,0
68731,3009311,2024-01-22,Brighton & Hove Albion FC,Wolverhampton Wanderers FC,0,0
68731,3009318,2024-01-30,Aston Villa FC,Newcastle United FC,1,3
68731,3009318,2024-01-30,Aston Villa FC,Newcastle United FC,1,3
68731,3009325,2024-01-30,Crystal Palace FC,Sheffield United FC,3,2
68731,3009325,2024-01-30,Crystal Palace FC,Sheffield United FC,3,2
68731,3009320,2024-01-30,Luton Town FC,Brighton & Hove Albion FC,4,0
68731,3009320,2024-01-30,Luton Town FC,Brighton & Hove Albion FC,4,0
68731,3009319,2024-01-30,Fulham FC,Everton FC,0,0
68731,3009319,2024-01-30,Fulham FC,Everton FC,0,0
68731,3009321,2024-01-30,Nottingham Forest FC,Arsenal FC,1,2
68731,3009321,2024-01-30,Nottingham Forest FC,Arsenal FC,1,2
68731,3009326,2024-01-31,Liverpool FC,Chelsea FC,4,1
68731,3009326,2024-01-31,Liverpool FC,Chelsea FC,4,1
68731,3009322,2024-01-31,Tottenham Hotspur FC,Brentford FC,3,2
68731,3009322,2024-01-31,Tottenham Hotspur FC,Brentford FC,3,2
68731,3009327,2024-01-31,Manchester City FC,Burnley FC,3,1
68731,3009327,2024-01-31,Manchester City FC,Burnley FC,3,1
68731,3009324,2024-02-01,Wolverhampton Wanderers FC,Manchester United FC,3,4
68731,3009324,2024-02-01,Wolverhampton Wanderers FC,Manchester United FC,3,4
68731,3009323,2024-02-01,West Ham United FC,AFC Bournemouth,1,1
68731,3009323,2024-02-01,West Ham United FC,AFC Bournemouth,1,1
68731,3009337,2024-02-03,Sheffield United FC,Aston Villa FC,0,5
68731,3009337,2024-02-03,Sheffield United FC,Aston Villa FC,0,5
68731,3009336,2024-02-03,Newcastle United FC,Luton Town FC,4,4
68731,3009336,2024-02-03,Newcastle United FC,Luton Town FC,4,4
68731,3009332,2024-02-03,Burnley FC,Fulham FC,2,2
68731,3009332,2024-02-03,Burnley FC,Fulham FC,2,2
68731,3009331,2024-02-03,Brighton & Hove Albion FC,Crystal Palace FC,4,1
68731,3009331,2024-02-03,Brighton & Hove Albion FC,Crystal Palace FC,4,1
68731,3009334,2024-02-03,Everton FC,Tottenham Hotspur FC,2,2
68731,3009334,2024-02-03,Everton FC,Tottenham Hotspur FC,2,2
68731,3009329,2024-02-04,Arsenal FC,Liverpool FC,3,1
68731,3009329,2024-02-04,Arsenal FC,Liverpool FC,3,1
68731,3009335,2024-02-04,Manchester United FC,West Ham United FC,3,0
68731,3009335,2024-02-04,Manchester United FC,West Ham United FC,3,0
68731,3009333,2024-02-04,Chelsea FC,Wolverhampton Wanderers FC,2,4
68731,3009333,2024-02-04,Chelsea FC,Wolverhampton Wanderers FC,2,4
68731,3009328,2024-02-04,AFC Bournemouth,Nottingham Forest FC,1,1
68731,3009328,2024-02-04,AFC Bournemouth,Nottingham Forest FC,1,1
68731,3009330,2024-02-05,Brentford FC,Manchester City FC,1,3
68731,3009330,2024-02-05,Brentford FC,Manchester City FC,1,3
68731,3009344,2024-02-10,Nottingham Forest FC,Newcastle United FC,2,3
68731,3009344,2024-02-10,Nottingham Forest FC,Newcastle United FC,2,3
68731,3009347,2024-02-10,Wolverhampton Wanderers FC,Brentford FC,0,2
68731,3009347,2024-02-10,Wolverhampton Wanderers FC,Brentford FC,0,2
68731,3009345,2024-02-10,Tottenham Hotspur FC,Brighton & Hove Albion FC,2,1
68731,3009345,2024-02-10,Tottenham Hotspur FC,Brighton & Hove Albion FC,2,1
68731,3009342,2024-02-10,Luton Town FC,Sheffield United FC,1,3
68731,3009342,2024-02-10,Luton Town FC,Sheffield United FC,1,3
68731,3009341,2024-02-10,Liverpool FC,Burnley FC,3,1
68731,3009341,2024-02-10,Liverpool FC,Burnley FC,3,1
68731,3009340,2024-02-10,Fulham FC,AFC Bournemouth,3,1
68731,3009340,2024-02-10,Fulham FC,AFC Bournemouth,3,1
68731,3009343,2024-02-10,Manchester City FC,Everton FC,2,0
68731,3009343,2024-02-10,Manchester City FC,Everton FC,2,0
68731,3009338,2024-02-11,Aston Villa FC,Manchester United FC,1,2
68731,3009338,2024-02-11,Aston Villa FC,Manchester United FC,1,2
68731,3009346,2024-02-11,West Ham United FC,Arsenal FC,0,6
68731,3009346,2024-02-11,West Ham United FC,Arsenal FC,0,6
68731,3009339,2024-02-12,Crystal Palace FC,Chelsea FC,1,3
68731,3009339,2024-02-12,Crystal Palace FC,Chelsea FC,1,3
68731,3009353,2024-02-17,Manchester City FC,Chelsea FC,1,1
68731,3009353,2024-02-17,Manchester City FC,Chelsea FC,1,1
68731,3009357,2024-02-17,Tottenham Hotspur FC,Wolverhampton Wanderers FC,1,2
68731,3009357,2024-02-17,Tottenham Hotspur FC,Wolverhampton Wanderers FC,1,2
68731,3009355,2024-02-17,Nottingham Forest FC,West Ham United FC,2,0
68731,3009355,2024-02-17,Nottingham Forest FC,West Ham United FC,2,0
68731,3009354,2024-02-17,Newcastle United FC,AFC Bournemouth,2,2
68731,3009354,2024-02-17,Newcastle United FC,AFC Bournemouth,2,2
68731,3009351,2024-02-17,Fulham FC,Aston Villa FC,1,2
68731,3009351,2024-02-17,Fulham FC,Aston Villa FC,1,2
68731,3009349,2024-02-17,Burnley FC,Arsenal FC,0,5
68731,3009349,2024-02-17,Burnley FC,Arsenal FC,0,5
68731,3009348,2024-02-17,Brentford FC,Liverpool FC,1,4
68731,3009348,2024-02-17,Brentford FC,Liverpool FC,1,4
68731,3009352,2024-02-18,Luton Town FC,Manchester United FC,1,2
68731,3009352,2024-02-18,Luton Town FC,Manchester United FC,1,2
68731,3009356,2024-02-18,Sheffield United FC,Brighton & Hove Albion FC,0,5
68731,3009356,2024-02-18,Sheffield United FC,Brighton & Hove Albion FC,0,5
68731,3009350,2024-02-19,Everton FC,Crystal Palace FC,1,1
68731,3009350,2024-02-19,Everton FC,Crystal Palace FC,1,1
68731,3009283,2024-02-20,Manchester City FC,Brentford FC,1,0
68731,3009283,2024-02-20,Manchester City FC,Brentford FC,1,0
68731,3009364,2024-02-21,Liverpool FC,Luton Town FC,4,1
68731,3009364,2024-02-21,Liverpool FC,Luton Town FC,4,1
68731,3009359,2024-02-24,Arsenal FC,Newcastle United FC,4,1
68731,3009359,2024-02-24,Arsenal FC,Newcastle United FC,4,1
68731,3009358,2024-02-24,AFC Bournemouth,Manchester City FC,0,1
68731,3009358,2024-02-24,AFC Bournemouth,Manchester City FC,0,1
68731,3009365,2024-02-24,Manchester United FC,Fulham FC,1,2
68731,3009365,2024-02-24,Manchester United FC,Fulham FC,1,2
68731,3009363,2024-02-24,Crystal Palace FC,Burnley FC,3,0
68731,3009363,2024-02-24,Crystal Palace FC,Burnley FC,3,0
68731,3009361,2024-02-24,Brighton & Hove Albion FC,Everton FC,1,1
68731,3009361,2024-02-24,Brighton & Hove Albion FC,Everton FC,1,1
68731,3009360,2024-02-24,Aston Villa FC,Nottingham Forest FC,4,2
68731,3009360,2024-02-24,Aston Villa FC,Nottingham Forest FC,4,2
68731,3009367,2024-02-25,Wolverhampton Wanderers FC,Sheffield United FC,1,0
68731,3009367,2024-02-25,Wolverhampton Wanderers FC,Sheffield United FC,1,0
68731,3009366,2024-02-26,West Ham United FC,Brentford FC,4,2
68731,3009366,2024-02-26,West Ham United FC,Brentford FC,4,2
68731,3009372,2024-03-02,Luton Town FC,Aston Villa FC,2,3
68731,3009372,2024-03-02,Luton Town FC,Aston Villa FC,2,3
68731,3009377,2024-03-02,Tottenham Hotspur FC,Crystal Palace FC,3,1
68731,3009377,2024-03-02,Tottenham Hotspur FC,Crystal Palace FC,3,1
68731,3009375,2024-03-02,Nottingham Forest FC,Liverpool FC,0,1
68731,3009375,2024-03-02,Nottingham Forest FC,Liverpool FC,0,1
68731,3009374,2024-03-02,Newcastle United FC,Wolverhampton Wanderers FC,3,0
68731,3009374,2024-03-02,Newcastle United FC,Wolverhampton Wanderers FC,3,0
68731,3009371,2024-03-02,Fulham FC,Brighton & Hove Albion FC,3,0
68731,3009371,2024-03-02,Fulham FC,Brighton & Hove Albion FC,3,0
68731,3009370,2024-03-02,Everton FC,West Ham United FC,1,3
68731,3009370,2024-03-02,Everton FC,West Ham United FC,1,3
68731,3009368,2024-03-02,Brentford FC,Chelsea FC,2,2
68731,3009368,2024-03-02,Brentford FC,Chelsea FC,2,2
68731,3009373,2024-03-03,Manchester City FC,Manchester United FC,3,1
68731,3009373,2024-03-03,Manchester City FC,Manchester United FC,3,1
68731,3009369,2024-03-03,Burnley FC,AFC Bournemouth,0,2
68731,3009369,2024-03-03,Burnley FC,AFC Bournemouth,0,2
68731,3009376,2024-03-04,Sheffield United FC,Arsenal FC,0,6
68731,3009376,2024-03-04,Sheffield United FC,Arsenal FC,0,6
68731,3009379,2024-03-09,Arsenal FC,Brentford FC,2,1
68731,3009379,2024-03-09,Arsenal FC,Brentford FC,2,1
68731,3009387,2024-03-09,Wolverhampton Wanderers FC,Fulham FC,2,1
68731,3009387,2024-03-09,Wolverhampton Wanderers FC,Fulham FC,2,1
68731,3009383,2024-03-09,Crystal Palace FC,Luton Town FC,1,1
68731,3009383,2024-03-09,Crystal Palace FC,Luton Town FC,1,1
68731,3009378,2024-03-09,AFC Bournemouth,Sheffield United FC,2,2
68731,3009378,2024-03-09,AFC Bournemouth,Sheffield United FC,2,2
68731,3009385,2024-03-09,Manchester United FC,Everton FC,2,0
68731,3009385,2024-03-09,Manchester United FC,Everton FC,2,0
68731,3009384,2024-03-10,Liverpool FC,Manchester City FC,1,1
68731,3009384,2024-03-10,Liverpool FC,Manchester City FC,1,1
68731,3009386,2024-03-10,West Ham United FC,Burnley FC,2,2
68731,3009386,2024-03-10,West Ham United FC,Burnley FC,2,2
68731,3009381,2024-03-10,Brighton & Hove Albion FC,Nottingham Forest FC,1,0
68731,3009381,2024-03-10,Brighton & Hove Albion FC,Nottingham Forest FC,1,0
68731,3009380,2024-03-10,Aston Villa FC,Tottenham Hotspur FC,0,4
68731,3009380,2024-03-10,Aston Villa FC,Tottenham Hotspur FC,0,4
68731,3009382,2024-03-11,Chelsea FC,Newcastle United FC,3,2
68731,3009382,2024-03-11,Chelsea FC,Newcastle United FC,3,2
68731,3009268,2024-03-13,AFC Bournemouth,Luton Town FC,4,3
68731,3009268,2024-03-13,AFC Bournemouth,Luton Town FC,4,3
68731,3009393,2024-03-16,Fulham FC,Tottenham Hotspur FC,3,0
68731,3009393,2024-03-16,Fulham FC,Tottenham Hotspur FC,3,0
68731,3009394,2024-03-16,Luton Town FC,Nottingham Forest FC,1,1
68731,3009394,2024-03-16,Luton Town FC,Nottingham Forest FC,1,1
68731,3009390,2024-03-16,Burnley FC,Brentford FC,2,1
68731,3009390,2024-03-16,Burnley FC,Brentford FC,2,1
68731,3009396,2024-03-17,West Ham United FC,Aston Villa FC,1,1
68731,3009396,2024-03-17,West Ham United FC,Aston Villa FC,1,1
68731,3009400,2024-03-30,Brentford FC,Manchester United FC,1,1
68731,3009400,2024-03-30,Brentford FC,Manchester United FC,1,1
68731,3009399,2024-03-30,Aston Villa FC,Wolverhampton Wanderers FC,2,0
68731,3009399,2024-03-30,Aston Villa FC,Wolverhampton Wanderers FC,2,0
68731,3009407,2024-03-30,Tottenham Hotspur FC,Luton Town FC,2,1
68731,3009407,2024-03-30,Tottenham Hotspur FC,Luton Town FC,2,1
68731,3009406,2024-03-30,Sheffield United FC,Fulham FC,3,3
68731,3009406,2024-03-30,Sheffield United FC,Fulham FC,3,3
68731,3009405,2024-03-30,Nottingham Forest FC,Crystal Palace FC,1,1
68731,3009405,2024-03-30,Nottingham Forest FC,Crystal Palace FC,1,1
68731,3009401,2024-03-30,Chelsea FC,Burnley FC,2,2
68731,3009401,2024-03-30,Chelsea FC,Burnley FC,2,2
68731,3009398,2024-03-30,AFC Bournemouth,Everton FC,2,1
68731,3009398,2024-03-30,AFC Bournemouth,Everton FC,2,1
68731,3009404,2024-03-30,Newcastle United FC,West Ham United FC,4,3
68731,3009404,2024-03-30,Newcastle United FC,West Ham United FC,4,3
68731,3009403,2024-03-31,Manchester City FC,Arsenal FC,0,0
68731,3009403,2024-03-31,Manchester City FC,Arsenal FC,0,0
68731,3009402,2024-03-31,Liverpool FC,Brighton & Hove Albion FC,2,1
68731,3009402,2024-03-31,Liverpool FC,Brighton & Hove Albion FC,2,1
68731,3009413,2024-04-02,West Ham United FC,Tottenham Hotspur FC,1,1
68731,3009413,2024-04-02,West Ham United FC,Tottenham Hotspur FC,1,1
68731,3009411,2024-04-02,Burnley FC,Wolverhampton Wanderers FC,1,1
68731,3009411,2024-04-02,Burnley FC,Wolverhampton Wanderers FC,1,1
68731,3009408,2024-04-02,AFC Bournemouth,Crystal Palace FC,1,0
68731,3009408,2024-04-02,AFC Bournemouth,Crystal Palace FC,1,0
68731,3009412,2024-04-02,Nottingham Forest FC,Fulham FC,3,1
68731,3009412,2024-04-02,Nottingham Forest FC,Fulham FC,3,1
68731,3009415,2024-04-02,Newcastle United FC,Everton FC,1,1
68731,3009415,2024-04-02,Newcastle United FC,Everton FC,1,1
68731,3009417,2024-04-03,Manchester City FC,Aston Villa FC,4,1
68731,3009417,2024-04-03,Manchester City FC,Aston Villa FC,4,1
68731,3009410,2024-04-03,Brentford FC,Brighton & Hove Albion FC,0,0
68731,3009410,2024-04-03,Brentford FC,Brighton & Hove Albion FC,0,0
68731,3009409,2024-04-03,Arsenal FC,Luton Town FC,2,0
68731,3009409,2024-04-03,Arsenal FC,Luton Town FC,2,0
68731,3009414,2024-04-04,Chelsea FC,Manchester United FC,4,3
68731,3009414,2024-04-04,Chelsea FC,Manchester United FC,4,3
68731,3009416,2024-04-04,Liverpool FC,Sheffield United FC,3,1
68731,3009416,2024-04-04,Liverpool FC,Sheffield United FC,3,1
68731,3009419,2024-04-06,Brighton & Hove Albion FC,Arsenal FC,0,3
68731,3009419,2024-04-06,Brighton & Hove Albion FC,Arsenal FC,0,3
68731,3009427,2024-04-06,Wolverhampton Wanderers FC,West Ham United FC,1,2
68731,3009427,2024-04-06,Wolverhampton Wanderers FC,West Ham United FC,1,2
68731,3009423,2024-04-06,Luton Town FC,AFC Bournemouth,2,1
68731,3009423,2024-04-06,Luton Town FC,AFC Bournemouth,2,1
68731,3009422,2024-04-06,Fulham FC,Newcastle United FC,0,1
68731,3009422,2024-04-06,Fulham FC,Newcastle United FC,0,1
68731,3009421,2024-04-06,Everton FC,Burnley FC,1,0
68731,3009421,2024-04-06,Everton FC,Burnley FC,1,0
68731,3009418,2024-04-06,Aston Villa FC,Brentford FC,3,3
68731,3009418,2024-04-06,Aston Villa FC,Brentford FC,3,3
68731,3009420,2024-04-06,Crystal Palace FC,Manchester City FC,2,4
68731,3009420,2024-04-06,Crystal Palace FC,Manchester City FC,2,4
68731,3009426,2024-04-07,Tottenham Hotspur FC,Nottingham Forest FC,3,1
68731,3009426,2024-04-07,Tottenham Hotspur FC,Nottingham Forest FC,3,1
68731,3009425,2024-04-07,Sheffield United FC,Chelsea FC,2,2
68731,3009425,2024-04-07,Sheffield United FC,Chelsea FC,2,2
68731,3009424,2024-04-07,Manchester United FC,Liverpool FC,2,2
68731,3009424,2024-04-07,Manchester United FC,Liverpool FC,2,2
68731,3009428,2024-04-13,AFC Bournemouth,Manchester United FC,2,2
68731,3009428,2024-04-13,AFC Bournemouth,Manchester United FC,2,2
68731,3009436,2024-04-13,Nottingham Forest FC,Wolverhampton Wanderers FC,2,2
68731,3009436,2024-04-13,Nottingham Forest FC,Wolverhampton Wanderers FC,2,2
68731,3009434,2024-04-13,Manchester City FC,Luton Town FC,5,1
68731,3009434,2024-04-13,Manchester City FC,Luton Town FC,5,1
68731,3009431,2024-04-13,Burnley FC,Brighton & Hove Albion FC,1,1
68731,3009431,2024-04-13,Burnley FC,Brighton & Hove Albion FC,1,1
68731,3009430,2024-04-13,Brentford FC,Sheffield United FC,2,0
68731,3009430,2024-04-13,Brentford FC,Sheffield United FC,2,0
68731,3009435,2024-04-13,Newcastle United FC,Tottenham Hotspur FC,4,0
68731,3009435,2024-04-13,Newcastle United FC,Tottenham Hotspur FC,4,0
68731,3009429,2024-04-14,Arsenal FC,Aston Villa FC,0,2
68731,3009429,2024-04-14,Arsenal FC,Aston Villa FC,0,2
68731,3009437,2024-04-14,West Ham United FC,Fulham FC,0,2
68731,3009437,2024-04-14,West Ham United FC,Fulham FC,0,2
68731,3009433,2024-04-14,Liverpool FC,Crystal Palace FC,0,1
68731,3009433,2024-04-14,Liverpool FC,Crystal Palace FC,0,1
68731,3009432,2024-04-15,Chelsea FC,Everton FC,6,0
68731,3009432,2024-04-15,Chelsea FC,Everton FC,6,0
68731,3009447,2024-04-20,Wolverhampton Wanderers FC,Arsenal FC,0,2
68731,3009447,2024-04-20,Wolverhampton Wanderers FC,Arsenal FC,0,2
68731,3009445,2024-04-20,Sheffield United FC,Burnley FC,1,4
68731,3009445,2024-04-20,Sheffield United FC,Burnley FC,1,4
68731,3009443,2024-04-20,Luton Town FC,Brentford FC,1,5
68731,3009443,2024-04-20,Luton Town FC,Brentford FC,1,5
68731,3009442,2024-04-21,Fulham FC,Liverpool FC,1,3
68731,3009442,2024-04-21,Fulham FC,Liverpool FC,1,3
68731,3009440,2024-04-21,Crystal Palace FC,West Ham United FC,5,2
68731,3009440,2024-04-21,Crystal Palace FC,West Ham United FC,5,2
68731,3009438,2024-04-21,Aston Villa FC,AFC Bournemouth,3,1
68731,3009438,2024-04-21,Aston Villa FC,AFC Bournemouth,3,1
68731,3009441,2024-04-21,Everton FC,Nottingham Forest FC,2,0
68731,3009441,2024-04-21,Everton FC,Nottingham Forest FC,2,0
68731,3009388,2024-04-23,Arsenal FC,Chelsea FC,5,0
68731,3009388,2024-04-23,Arsenal FC,Chelsea FC,5,0
68731,3009395,2024-04-24,Manchester United FC,Sheffield United FC,4,2
68731,3009395,2024-04-24,Manchester United FC,Sheffield United FC,4,2
68731,3009392,2024-04-24,Everton FC,Liverpool FC,2,0
68731,3009392,2024-04-24,Everton FC,Liverpool FC,2,0
68731,3009391,2024-04-24,Crystal Palace FC,Newcastle United FC,2,0
68731,3009391,2024-04-24,Crystal Palace FC,Newcastle United FC,2,0
68731,3009397,2024-04-24,Wolverhampton Wanderers FC,AFC Bournemouth,0,1
68731,3009397,2024-04-24,Wolverhampton Wanderers FC,AFC Bournemouth,0,1
68731,3009389,2024-04-25,Brighton & Hove Albion FC,Manchester City FC,0,4
68731,3009389,2024-04-25,Brighton & Hove Albion FC,Manchester City FC,0,4
68731,3009449,2024-04-27,Aston Villa FC,Chelsea FC,2,2
68731,3009449,2024-04-27,Aston Villa FC,Chelsea FC,2,2
68731,3009450,2024-04-27,Everton FC,Brentford FC,1,0
68731,3009450,2024-04-27,Everton FC,Brentford FC,1,0
68731,3009457,2024-04-27,Wolverhampton Wanderers FC,Luton Town FC,2,1
68731,3009457,2024-04-27,Wolverhampton Wanderers FC,Luton Town FC,2,1
68731,3009453,2024-04-27,Newcastle United FC,Sheffield United FC,5,1
68731,3009453,2024-04-27,Newcastle United FC,Sheffield United FC,5,1
68731,3009452,2024-04-27,Manchester United FC,Burnley FC,1,1
68731,3009452,2024-04-27,Manchester United FC,Burnley FC,1,1
68731,3009451,2024-04-27,Fulham FC,Crystal Palace FC,1,1
68731,3009451,2024-04-27,Fulham FC,Crystal Palace FC,1,1
68731,3009456,2024-04-27,West Ham United FC,Liverpool FC,2,2
68731,3009456,2024-04-27,West Ham United FC,Liverpool FC,2,2
68731,3009454,2024-04-28,Nottingham Forest FC,Manchester City FC,0,2
68731,3009454,2024-04-28,Nottingham Forest FC,Manchester City FC,0,2
68731,3009455,2024-04-28,Tottenham Hotspur FC,Arsenal FC,2,3
68731,3009455,2024-04-28,Tottenham Hotspur FC,Arsenal FC,2,3
68731,3009448,2024-04-28,AFC Bournemouth,Brighton & Hove Albion FC,3,0
68731,3009448,2024-04-28,AFC Bournemouth,Brighton & Hove Albion FC,3,0
68731,3009362,2024-05-02,Chelsea FC,Tottenham Hotspur FC,2,0
68731,3009362,2024-05-02,Chelsea FC,Tottenham Hotspur FC,2,0
68731,3009465,2024-05-03,Luton Town FC,Everton FC,1,1
68731,3009465,2024-05-03,Luton Town FC,Everton FC,1,1
68731,3009466,2024-05-04,Manchester City FC,Wolverhampton Wanderers FC,5,1
68731,3009466,2024-05-04,Manchester City FC,Wolverhampton Wanderers FC,5,1
68731,3009467,2024-05-04,Sheffield United FC,Nottingham Forest FC,1,3
68731,3009467,2024-05-04,Sheffield United FC,Nottingham Forest FC,1,3
68731,3009461,2024-05-04,Burnley FC,Newcastle United FC,1,4
68731,3009461,2024-05-04,Burnley FC,Newcastle United FC,1,4
68731,3009459,2024-05-04,Brentford FC,Fulham FC,0,0
68731,3009459,2024-05-04,Brentford FC,Fulham FC,0,0
68731,3009458,2024-05-04,Arsenal FC,AFC Bournemouth,3,0
68731,3009458,2024-05-04,Arsenal FC,AFC Bournemouth,3,0
68731,3009464,2024-05-05,Liverpool FC,Tottenham Hotspur FC,4,2
68731,3009464,2024-05-05,Liverpool FC,Tottenham Hotspur FC,4,2
68731,3009462,2024-05-05,Chelsea FC,West Ham United FC,5,0
68731,3009462,2024-05-05,Chelsea FC,West Ham United FC,5,0
68731,3009460,2024-05-05,Brighton & Hove Albion FC,Aston Villa FC,1,0
68731,3009460,2024-05-05,Brighton & Hove Albion FC,Aston Villa FC,1,0
68731,3009463,2024-05-06,Crystal Palace FC,Manchester United FC,4,0
68731,3009463,2024-05-06,Crystal Palace FC,Manchester United FC,4,0
68731,3009474,2024-05-11,Nottingham Forest FC,Chelsea FC,2,3
68731,3009474,2024-05-11,Nottingham Forest FC,Chelsea FC,2,3
68731,3009477,2024-05-11,Wolverhampton Wanderers FC,Crystal Palace FC,1,3
68731,3009477,2024-05-11,Wolverhampton Wanderers FC,Crystal Palace FC,1,3
68731,3009476,2024-05-11,West Ham United FC,Luton Town FC,3,1
68731,3009476,2024-05-11,West Ham United FC,Luton Town FC,3,1
68731,3009475,2024-05-11,Tottenham Hotspur FC,Burnley FC,2,1
68731,3009475,2024-05-11,Tottenham Hotspur FC,Burnley FC,2,1
68731,3009473,2024-05-11,Newcastle United FC,Brighton & Hove Albion FC,1,1
68731,3009473,2024-05-11,Newcastle United FC,Brighton & Hove Albion FC,1,1
68731,3009470,2024-05-11,Everton FC,Sheffield United FC,1,0
68731,3009470,2024-05-11,Everton FC,Sheffield United FC,1,0
68731,3009468,2024-05-11,AFC Bournemouth,Brentford FC,1,2
68731,3009468,2024-05-11,AFC Bournemouth,Brentford FC,1,2
68731,3009471,2024-05-11,Fulham FC,Manchester City FC,0,4
68731,3009471,2024-05-11,Fulham FC,Manchester City FC,0,4
68731,3009472,2024-05-12,Manchester United FC,Arsenal FC,0,1
68731,3009472,2024-05-12,Manchester United FC,Arsenal FC,0,1
68731,3009469,2024-05-13,Aston Villa FC,Liverpool FC,3,3
68731,3009469,2024-05-13,Aston Villa FC,Liverpool FC,3,3
68731,3009446,2024-05-14,Tottenham Hotspur FC,Manchester City FC,0,2
68731,3009446,2024-05-14,Tottenham Hotspur FC,Manchester City FC,0,2
68731,3009444,2024-05-15,Manchester United FC,Newcastle United FC,3,2
68731,3009444,2024-05-15,Manchester United FC,Newcastle United FC,3,2
68731,3009439,2024-05-15,Brighton & Hove Albion FC,Chelsea FC,1,2
68731,3009439,2024-05-15,Brighton & Hove Albion FC,Chelsea FC,1,2
68731,3009487,2024-05-19,Sheffield United FC,Tottenham Hotspur FC,0,3
68731,3009487,2024-05-19,Sheffield United FC,Tottenham Hotspur FC,0,3
68731,3009486,2024-05-19,Manchester City FC,West Ham United FC,3,1
68731,3009486,2024-05-19,Manchester City FC,West Ham United FC,3,1
68731,3009485,2024-05-19,Luton Town FC,Fulham FC,2,4
68731,3009485,2024-05-19,Luton Town FC,Fulham FC,2,4
68731,3009484,2024-05-19,Liverpool FC,Wolverhampton Wanderers FC,2,0
68731,3009484,2024-05-19,Liverpool FC,Wolverhampton Wanderers FC,2,0
68731,3009483,2024-05-19,Crystal Palace FC,Aston Villa FC,5,0
68731,3009483,2024-05-19,Crystal Palace FC,Aston Villa FC,5,0
68731,3009482,2024-05-19,Chelsea FC,AFC Bournemouth,2,1
68731,3009482,2024-05-19,Chelsea FC,AFC Bournemouth,2,1
68731,3009481,2024-05-19,Burnley FC,Nottingham Forest FC,1,2
68731,3009481,2024-05-19,Burnley FC,Nottingham Forest FC,1,2
68731,3009480,2024-05-19,Brighton & Hove Albion FC,Manchester United FC,0,2
68731,3009480,2024-05-19,Brighton & Hove Albion FC,Manchester United FC,0,2
68731,3009479,2024-05-19,Brentford FC,Newcastle United FC,2,4
68731,3009479,2024-05-19,Brentford FC,Newcastle United FC,2,4
68731,3009478,2024-05-19,Arsenal FC,Everton FC,2,1
68731,3009478,2024-05-19,Arsenal FC,Everton FC,2,1
72764,3356597,2024-08-16,Manchester United FC,Fulham FC,1,0
72764,3356597,2024-08-16,Manchester United FC,Fulham FC,1,0
72764,3356603,2024-08-17,West Ham United FC,Aston Villa FC,1,2
72764,3356603,2024-08-17,West Ham United FC,Aston Villa FC,1,2
72764,3356602,2024-08-17,Nottingham Forest FC,AFC Bournemouth,1,1
72764,3356602,2024-08-17,Nottingham Forest FC,AFC Bournemouth,1,1
72764,3356601,2024-08-17,Newcastle United FC,Southampton FC,1,0
72764,3356601,2024-08-17,Newcastle United FC,Southampton FC,1,0
72764,3356600,2024-08-17,Everton FC,Brighton & Hove Albion FC,0,3
72764,3356600,2024-08-17,Everton FC,Brighton & Hove Albion FC,0,3
72764,3356599,2024-08-17,Arsenal FC,Wolverhampton Wanderers FC,2,0
72764,3356599,2024-08-17,Arsenal FC,Wolverhampton Wanderers FC,2,0
72764,3356598,2024-08-17,Ipswich Town FC,Liverpool FC,0,2
72764,3356598,2024-08-17,Ipswich Town FC,Liverpool FC,0,2
72764,3356605,2024-08-18,Chelsea FC,Manchester City FC,0,2
72764,3356605,2024-08-18,Chelsea FC,Manchester City FC,0,2
72764,3356604,2024-08-18,Brentford FC,Crystal Palace FC,2,1
72764,3356604,2024-08-18,Brentford FC,Crystal Palace FC,2,1
72764,3356606,2024-08-19,Leicester City FC,Tottenham Hotspur FC,1,1
72764,3356606,2024-08-19,Leicester City FC,Tottenham Hotspur FC,1,1
72764,3356608,2024-08-24,Aston Villa FC,Arsenal FC,0,2
72764,3356608,2024-08-24,Aston Villa FC,Arsenal FC,0,2
72764,3356615,2024-08-24,Tottenham Hotspur FC,Everton FC,4,0
72764,3356615,2024-08-24,Tottenham Hotspur FC,Everton FC,4,0
72764,3356614,2024-08-24,Southampton FC,Nottingham Forest FC,0,1
72764,3356614,2024-08-24,Southampton FC,Nottingham Forest FC,0,1
72764,3356613,2024-08-24,Manchester City FC,Ipswich Town FC,4,1
72764,3356613,2024-08-24,Manchester City FC,Ipswich Town FC,4,1
72764,3356611,2024-08-24,Fulham FC,Leicester City FC,2,1
72764,3356611,2024-08-24,Fulham FC,Leicester City FC,2,1
72764,3356610,2024-08-24,Crystal Palace FC,West Ham United FC,0,2
72764,3356610,2024-08-24,Crystal Palace FC,West Ham United FC,0,2
72764,3356609,2024-08-24,Brighton & Hove Albion FC,Manchester United FC,2,1
72764,3356609,2024-08-24,Brighton & Hove Albion FC,Manchester United FC,2,1
72764,3356612,2024-08-25,Liverpool FC,Brentford FC,2,0
72764,3356612,2024-08-25,Liverpool FC,Brentford FC,2,0
72764,3356616,2024-08-25,Wolverhampton Wanderers FC,Chelsea FC,2,6
72764,3356616,2024-08-25,Wolverhampton Wanderers FC,Chelsea FC,2,6
72764,3356607,2024-08-25,AFC Bournemouth,Newcastle United FC,1,1
72764,3356607,2024-08-25,AFC Bournemouth,Newcastle United FC,1,1
72764,3356626,2024-08-31,West Ham United FC,Manchester City FC,1,3
72764,3356626,2024-08-31,West Ham United FC,Manchester City FC,1,3
72764,3356625,2024-08-31,Nottingham Forest FC,Wolverhampton Wanderers FC,1,1
72764,3356625,2024-08-31,Nottingham Forest FC,Wolverhampton Wanderers FC,1,1
72764,3356622,2024-08-31,Leicester City FC,Aston Villa FC,1,2
72764,3356622,2024-08-31,Leicester City FC,Aston Villa FC,1,2
72764,3356621,2024-08-31,Ipswich Town FC,Fulham FC,1,1
72764,3356621,2024-08-31,Ipswich Town FC,Fulham FC,1,1
72764,3356620,2024-08-31,Everton FC,AFC Bournemouth,2,3
72764,3356620,2024-08-31,Everton FC,AFC Bournemouth,2,3
72764,3356618,2024-08-31,Brentford FC,Southampton FC,3,1
72764,3356618,2024-08-31,Brentford FC,Southampton FC,3,1
72764,3356617,2024-08-31,Arsenal FC,Brighton & Hove Albion FC,1,1
72764,3356617,2024-08-31,Arsenal FC,Brighton & Hove Albion FC,1,1
72764,3356623,2024-09-01,Manchester United FC,Liverpool FC,0,3
72764,3356623,2024-09-01,Manchester United FC,Liverpool FC,0,3
72764,3356624,2024-09-01,Newcastle United FC,Tottenham Hotspur FC,2,1
72764,3356624,2024-09-01,Newcastle United FC,Tottenham Hotspur FC,2,1
72764,3356619,2024-09-01,Chelsea FC,Crystal Palace FC,1,1
72764,3356619,2024-09-01,Chelsea FC,Crystal Palace FC,1,1
72764,3356627,2024-09-14,AFC Bournemouth,Chelsea FC,0,1
72764,3356627,2024-09-14,AFC Bournemouth,Chelsea FC,0,1
72764,3356628,2024-09-14,Aston Villa FC,Everton FC,3,2
72764,3356628,2024-09-14,Aston Villa FC,Everton FC,3,2
72764,3356633,2024-09-14,Manchester City FC,Brentford FC,2,1
72764,3356633,2024-09-14,Manchester City FC,Brentford FC,2,1
72764,3356632,2024-09-14,Liverpool FC,Nottingham Forest FC,0,1
72764,3356632,2024-09-14,Liverpool FC,Nottingham Forest FC,0,1
72764,3356631,2024-09-14,Fulham FC,West Ham United FC,1,1
72764,3356631,2024-09-14,Fulham FC,West Ham United FC,1,1
72764,3356630,2024-09-14,Crystal Palace FC,Leicester City FC,2,2
72764,3356630,2024-09-14,Crystal Palace FC,Leicester City FC,2,2
72764,3356629,2024-09-14,Brighton & Hove Albion FC,Ipswich Town FC,0,0
72764,3356629,2024-09-14,Brighton & Hove Albion FC,Ipswich Town FC,0,0
72764,3356634,2024-09-14,Southampton FC,Manchester United FC,0,3
72764,3356634,2024-09-14,Southampton FC,Manchester United FC,0,3
72764,3356636,2024-09-15,Wolverhampton Wanderers FC,Newcastle United FC,1,2
72764,3356636,2024-09-15,Wolverhampton Wanderers FC,Newcastle United FC,1,2
72764,3356635,2024-09-15,Tottenham Hotspur FC,Arsenal FC,0,1
72764,3356635,2024-09-15,Tottenham Hotspur FC,Arsenal FC,0,1
72764,3356639,2024-09-21,Crystal Palace FC,Manchester United FC,0,0
72764,3356639,2024-09-21,Crystal Palace FC,Manchester United FC,0,0
72764,3356645,2024-09-21,Tottenham Hotspur FC,Brentford FC,3,1
72764,3356645,2024-09-21,Tottenham Hotspur FC,Brentford FC,3,1
72764,3356644,2024-09-21,Southampton FC,Ipswich Town FC,1,1
72764,3356644,2024-09-21,Southampton FC,Ipswich Town FC,1,1
72764,3356642,2024-09-21,Liverpool FC,AFC Bournemouth,3,0
72764,3356642,2024-09-21,Liverpool FC,AFC Bournemouth,3,0
72764,3356641,2024-09-21,Leicester City FC,Everton FC,1,1
72764,3356641,2024-09-21,Leicester City FC,Everton FC,1,1
72764,3356640,2024-09-21,Fulham FC,Newcastle United FC,3,1
72764,3356640,2024-09-21,Fulham FC,Newcastle United FC,3,1
72764,3356637,2024-09-21,Aston Villa FC,Wolverhampton Wanderers FC,3,1
72764,3356637,2024-09-21,Aston Villa FC,Wolverhampton Wanderers FC,3,1
72764,3356646,2024-09-21,West Ham United FC,Chelsea FC,0,3
72764,3356646,2024-09-21,West Ham United FC,Chelsea FC,0,3
72764,3356643,2024-09-22,Manchester City FC,Arsenal FC,2,2
72764,3356643,2024-09-22,Manchester City FC,Arsenal FC,2,2
72764,3356638,2024-09-22,Brighton & Hove Albion FC,Nottingham Forest FC,2,2
72764,3356638,2024-09-22,Brighton & Hove Albion FC,Nottingham Forest FC,2,2
72764,3356656,2024-09-28,Wolverhampton Wanderers FC,Liverpool FC,1,2
72764,3356656,2024-09-28,Wolverhampton Wanderers FC,Liverpool FC,1,2
72764,3356655,2024-09-28,Nottingham Forest FC,Fulham FC,0,1
72764,3356655,2024-09-28,Nottingham Forest FC,Fulham FC,0,1
72764,3356651,2024-09-28,Everton FC,Crystal Palace FC,2,1
72764,3356651,2024-09-28,Everton FC,Crystal Palace FC,2,1
72764,3356650,2024-09-28,Chelsea FC,Brighton & Hove Albion FC,4,2
72764,3356650,2024-09-28,Chelsea FC,Brighton & Hove Albion FC,4,2
72764,3356649,2024-09-28,Brentford FC,West Ham United FC,1,1
72764,3356649,2024-09-28,Brentford FC,West Ham United FC,1,1
72764,3356648,2024-09-28,Arsenal FC,Leicester City FC,4,2
72764,3356648,2024-09-28,Arsenal FC,Leicester City FC,4,2
72764,3356654,2024-09-28,Newcastle United FC,Manchester City FC,1,1
72764,3356654,2024-09-28,Newcastle United FC,Manchester City FC,1,1
72764,3356653,2024-09-29,Manchester United FC,Tottenham Hotspur FC,0,3
72764,3356653,2024-09-29,Manchester United FC,Tottenham Hotspur FC,0,3
72764,3356652,2024-09-29,Ipswich Town FC,Aston Villa FC,2,2
72764,3356652,2024-09-29,Ipswich Town FC,Aston Villa FC,2,2
72764,3356647,2024-09-30,AFC Bournemouth,Southampton FC,3,1
72764,3356647,2024-09-30,AFC Bournemouth,Southampton FC,3,1
72764,3356663,2024-10-05,Everton FC,Newcastle United FC,0,0
72764,3356663,2024-10-05,Everton FC,Newcastle United FC,0,0
72764,3356666,2024-10-05,West Ham United FC,Ipswich Town FC,4,1
72764,3356666,2024-10-05,West Ham United FC,Ipswich Town FC,4,1
72764,3356665,2024-10-05,Manchester City FC,Fulham FC,3,2
72764,3356665,2024-10-05,Manchester City FC,Fulham FC,3,2
72764,3356664,2024-10-05,Leicester City FC,AFC Bournemouth,1,0
72764,3356664,2024-10-05,Leicester City FC,AFC Bournemouth,1,0
72764,3356659,2024-10-05,Brentford FC,Wolverhampton Wanderers FC,5,3
72764,3356659,2024-10-05,Brentford FC,Wolverhampton Wanderers FC,5,3
72764,3356657,2024-10-05,Arsenal FC,Southampton FC,3,1
72764,3356657,2024-10-05,Arsenal FC,Southampton FC,3,1
72764,3356662,2024-10-05,Crystal Palace FC,Liverpool FC,0,1
72764,3356662,2024-10-05,Crystal Palace FC,Liverpool FC,0,1
72764,3356660,2024-10-06,Brighton & Hove Albion FC,Tottenham Hotspur FC,3,2
72764,3356660,2024-10-06,Brighton & Hove Albion FC,Tottenham Hotspur FC,3,2
72764,3356661,2024-10-06,Chelsea FC,Nottingham Forest FC,1,1
72764,3356661,2024-10-06,Chelsea FC,Nottingham Forest FC,1,1
72764,3356658,2024-10-06,Aston Villa FC,Manchester United FC,0,0
72764,3356658,2024-10-06,Aston Villa FC,Manchester United FC,0,0
72764,3356667,2024-10-19,AFC Bournemouth,Arsenal FC,2,0
72764,3356667,2024-10-19,AFC Bournemouth,Arsenal FC,2,0
72764,3356674,2024-10-19,Southampton FC,Leicester City FC,2,3
72764,3356674,2024-10-19,Southampton FC,Leicester City FC,2,3
72764,3356672,2024-10-19,Newcastle United FC,Brighton & Hove Albion FC,0,1
72764,3356672,2024-10-19,Newcastle United FC,Brighton & Hove Albion FC,0,1
72764,3356671,2024-10-19,Manchester United FC,Brentford FC,2,1
72764,3356671,2024-10-19,Manchester United FC,Brentford FC,2,1
72764,3356669,2024-10-19,Ipswich Town FC,Everton FC,0,2
72764,3356669,2024-10-19,Ipswich Town FC,Everton FC,0,2
72764,3356668,2024-10-19,Fulham FC,Aston Villa FC,1,3
72764,3356668,2024-10-19,Fulham FC,Aston Villa FC,1,3
72764,3356675,2024-10-19,Tottenham Hotspur FC,West Ham United FC,4,1
72764,3356675,2024-10-19,Tottenham Hotspur FC,West Ham United FC,4,1
72764,3356670,2024-10-20,Liverpool FC,Chelsea FC,2,1
72764,3356670,2024-10-20,Liverpool FC,Chelsea FC,2,1
72764,3356676,2024-10-20,Wolverhampton Wanderers FC,Manchester City FC,1,2
72764,3356676,2024-10-20,Wolverhampton Wanderers FC,Manchester City FC,1,2
72764,3356673,2024-10-21,Nottingham Forest FC,Crystal Palace FC,1,0
72764,3356673,2024-10-21,Nottingham Forest FC,Crystal Palace FC,1,0
72764,3356684,2024-10-25,Leicester City FC,Nottingham Forest FC,1,3
72764,3356684,2024-10-25,Leicester City FC,Nottingham Forest FC,1,3
72764,3356683,2024-10-26,Everton FC,Fulham FC,1,1
72764,3356683,2024-10-26,Everton FC,Fulham FC,1,1
72764,3356685,2024-10-26,Manchester City FC,Southampton FC,1,0
72764,3356685,2024-10-26,Manchester City FC,Southampton FC,1,0
72764,3356680,2024-10-26,Brighton & Hove Albion FC,Wolverhampton Wanderers FC,2,2
72764,3356680,2024-10-26,Brighton & Hove Albion FC,Wolverhampton Wanderers FC,2,2
72764,3356679,2024-10-26,Brentford FC,Ipswich Town FC,4,3
72764,3356679,2024-10-26,Brentford FC,Ipswich Town FC,4,3
72764,3356678,2024-10-26,Aston Villa FC,AFC Bournemouth,1,1
72764,3356678,2024-10-26,Aston Villa FC,AFC Bournemouth,1,1
72764,3356677,2024-10-27,Arsenal FC,Liverpool FC,2,2
72764,3356677,2024-10-27,Arsenal FC,Liverpool FC,2,2
72764,3356686,2024-10-27,West Ham United FC,Manchester United FC,2,1
72764,3356686,2024-10-27,West Ham United FC,Manchester United FC,2,1
72764,3356682,2024-10-27,Crystal Palace FC,Tottenham Hotspur FC,1,0
72764,3356682,2024-10-27,Crystal Palace FC,Tottenham Hotspur FC,1,0
72764,3356681,2024-10-27,Chelsea FC,Newcastle United FC,2,1
72764,3356681,2024-10-27,Chelsea FC,Newcastle United FC,2,1
72764,3356696,2024-11-02,Wolverhampton Wanderers FC,Crystal Palace FC,2,2
72764,3356696,2024-11-02,Wolverhampton Wanderers FC,Crystal Palace FC,2,2
72764,3356694,2024-11-02,Southampton FC,Everton FC,1,0
72764,3356694,2024-11-02,Southampton FC,Everton FC,1,0
72764,3356693,2024-11-02,Nottingham Forest FC,West Ham United FC,3,0
72764,3356693,2024-11-02,Nottingham Forest FC,West Ham United FC,3,0
72764,3356690,2024-11-02,Liverpool FC,Brighton & Hove Albion FC,2,1
72764,3356690,2024-11-02,Liverpool FC,Brighton & Hove Albion FC,2,1
72764,3356689,2024-11-02,Ipswich Town FC,Leicester City FC,1,1
72764,3356689,2024-11-02,Ipswich Town FC,Leicester City FC,1,1
72764,3356687,2024-11-02,AFC Bournemouth,Manchester City FC,2,1
72764,3356687,2024-11-02,AFC Bournemouth,Manchester City FC,2,1
72764,3356692,2024-11-02,Newcastle United FC,Arsenal FC,1,0
72764,3356692,2024-11-02,Newcastle United FC,Arsenal FC,1,0
72764,3356691,2024-11-03,Manchester United FC,Chelsea FC,1,1
72764,3356691,2024-11-03,Manchester United FC,Chelsea FC,1,1
72764,3356695,2024-11-03,Tottenham Hotspur FC,Aston Villa FC,4,1
72764,3356695,2024-11-03,Tottenham Hotspur FC,Aston Villa FC,4,1
72764,3356688,2024-11-04,Fulham FC,Brentford FC,2,1
72764,3356688,2024-11-04,Fulham FC,Brentford FC,2,1
72764,3356701,2024-11-09,Liverpool FC,Aston Villa FC,2,0
72764,3356701,2024-11-09,Liverpool FC,Aston Villa FC,2,0
72764,3356698,2024-11-09,Brighton & Hove Albion FC,Manchester City FC,2,1
72764,3356698,2024-11-09,Brighton & Hove Albion FC,Manchester City FC,2,1
72764,3356706,2024-11-09,Wolverhampton Wanderers FC,Southampton FC,2,0
72764,3356706,2024-11-09,Wolverhampton Wanderers FC,Southampton FC,2,0
72764,3356705,2024-11-09,West Ham United FC,Everton FC,0,0
72764,3356705,2024-11-09,West Ham United FC,Everton FC,0,0
72764,3356700,2024-11-09,Crystal Palace FC,Fulham FC,0,2
72764,3356700,2024-11-09,Crystal Palace FC,Fulham FC,0,2
72764,3356697,2024-11-09,Brentford FC,AFC Bournemouth,3,2
72764,3356697,2024-11-09,Brentford FC,AFC Bournemouth,3,2
72764,3356699,2024-11-10,Chelsea FC,Arsenal FC,1,1
72764,3356699,2024-11-10,Chelsea FC,Arsenal FC,1,1
72764,3356704,2024-11-10,Tottenham Hotspur FC,Ipswich Town FC,1,2
72764,3356704,2024-11-10,Tottenham Hotspur FC,Ipswich Town FC,1,2
72764,3356703,2024-11-10,Nottingham Forest FC,Newcastle United FC,1,3
72764,3356703,2024-11-10,Nottingham Forest FC,Newcastle United FC,1,3
72764,3356702,2024-11-10,Manchester United FC,Leicester City FC,3,0
72764,3356702,2024-11-10,Manchester United FC,Leicester City FC,3,0
72764,3356714,2024-11-23,Manchester City FC,Tottenham Hotspur FC,0,4
72764,3356714,2024-11-23,Manchester City FC,Tottenham Hotspur FC,0,4
72764,3356711,2024-11-23,Fulham FC,Wolverhampton Wanderers FC,1,4
72764,3356711,2024-11-23,Fulham FC,Wolverhampton Wanderers FC,1,4
72764,3356710,2024-11-23,Everton FC,Brentford FC,0,0
72764,3356710,2024-11-23,Everton FC,Brentford FC,0,0
72764,3356707,2024-11-23,AFC Bournemouth,Brighton & Hove Albion FC,1,2
72764,3356707,2024-11-23,AFC Bournemouth,Brighton & Hove Albion FC,1,2
72764,3356709,2024-11-23,Aston Villa FC,Crystal Palace FC,2,2
72764,3356709,2024-11-23,Aston Villa FC,Crystal Palace FC,2,2
72764,3356708,2024-11-23,Arsenal FC,Nottingham Forest FC,3,0
72764,3356708,2024-11-23,Arsenal FC,Nottingham Forest FC,3,0
72764,3356713,2024-11-23,Leicester City FC,Chelsea FC,1,2
72764,3356713,2024-11-23,Leicester City FC,Chelsea FC,1,2
72764,3356712,2024-11-24,Ipswich Town FC,Manchester United FC,1,1
72764,3356712,2024-11-24,Ipswich Town FC,Manchester United FC,1,1
72764,3356716,2024-11-24,Southampton FC,Liverpool FC,2,3
72764,3356716,2024-11-24,Southampton FC,Liverpool FC,2,3
72764,3356715,2024-11-25,Newcastle United FC,West Ham United FC,0,2
72764,3356715,2024-11-25,Newcastle United FC,West Ham United FC,0,2
72764,3356718,2024-11-29,Brighton & Hove Albion FC,Southampton FC,1,1
72764,3356718,2024-11-29,Brighton & Hove Albion FC,Southampton FC,1,1
72764,3356725,2024-11-30,West Ham United FC,Arsenal FC,2,5
72764,3356725,2024-11-30,West Ham United FC,Arsenal FC,2,5
72764,3356726,2024-11-30,Wolverhampton Wanderers FC,AFC Bournemouth,2,4
72764,3356726,2024-11-30,Wolverhampton Wanderers FC,AFC Bournemouth,2,4
72764,3356723,2024-11-30,Nottingham Forest FC,Ipswich Town FC,1,0
72764,3356723,2024-11-30,Nottingham Forest FC,Ipswich Town FC,1,0
72764,3356720,2024-11-30,Crystal Palace FC,Newcastle United FC,1,1
72764,3356720,2024-11-30,Crystal Palace FC,Newcastle United FC,1,1
72764,3356717,2024-11-30,Brentford FC,Leicester City FC,4,1
72764,3356717,2024-11-30,Brentford FC,Leicester City FC,4,1
72764,3356721,2024-12-01,Liverpool FC,Manchester City FC,2,0
72764,3356721,2024-12-01,Liverpool FC,Manchester City FC,2,0
72764,3356724,2024-12-01,Tottenham Hotspur FC,Fulham FC,1,1
72764,3356724,2024-12-01,Tottenham Hotspur FC,Fulham FC,1,1
72764,3356722,2024-12-01,Manchester United FC,Everton FC,4,0
72764,3356722,2024-12-01,Manchester United FC,Everton FC,4,0
72764,3356719,2024-12-01,Chelsea FC,Aston Villa FC,3,0
72764,3356719,2024-12-01,Chelsea FC,Aston Villa FC,3,0
72764,3356733,2024-12-03,Leicester City FC,West Ham United FC,3,1
72764,3356733,2024-12-03,Leicester City FC,West Ham United FC,3,1
72764,3356732,2024-12-03,Ipswich Town FC,Crystal Palace FC,0,1
72764,3356732,2024-12-03,Ipswich Town FC,Crystal Palace FC,0,1
72764,3356729,2024-12-04,Aston Villa FC,Brentford FC,3,1
72764,3356729,2024-12-04,Aston Villa FC,Brentford FC,3,1
72764,3356728,2024-12-04,Arsenal FC,Manchester United FC,2,0
72764,3356728,2024-12-04,Arsenal FC,Manchester United FC,2,0
72764,3356736,2024-12-04,Southampton FC,Chelsea FC,1,5
72764,3356736,2024-12-04,Southampton FC,Chelsea FC,1,5
72764,3356735,2024-12-04,Newcastle United FC,Liverpool FC,3,3
72764,3356735,2024-12-04,Newcastle United FC,Liverpool FC,3,3
72764,3356734,2024-12-04,Manchester City FC,Nottingham Forest FC,3,0
72764,3356734,2024-12-04,Manchester City FC,Nottingham Forest FC,3,0
72764,3356730,2024-12-04,Everton FC,Wolverhampton Wanderers FC,4,0
72764,3356730,2024-12-04,Everton FC,Wolverhampton Wanderers FC,4,0
72764,3356727,2024-12-05,AFC Bournemouth,Tottenham Hotspur FC,1,0
72764,3356727,2024-12-05,AFC Bournemouth,Tottenham Hotspur FC,1,0
72764,3356731,2024-12-05,Fulham FC,Brighton & Hove Albion FC,3,1
72764,3356731,2024-12-05,Fulham FC,Brighton & Hove Albion FC,3,1
72764,3356744,2024-12-07,Manchester United FC,Nottingham Forest FC,2,3
72764,3356744,2024-12-07,Manchester United FC,Nottingham Forest FC,2,3
72764,3356739,2024-12-07,Crystal Palace FC,Manchester City FC,2,2
72764,3356739,2024-12-07,Crystal Palace FC,Manchester City FC,2,2
72764,3356738,2024-12-07,Brentford FC,Newcastle United FC,4,2
72764,3356738,2024-12-07,Brentford FC,Newcastle United FC,4,2
72764,3356737,2024-12-07,Aston Villa FC,Southampton FC,1,0
72764,3356737,2024-12-07,Aston Villa FC,Southampton FC,1,0
72764,3356745,2024-12-08,Tottenham Hotspur FC,Chelsea FC,3,4
72764,3356745,2024-12-08,Tottenham Hotspur FC,Chelsea FC,3,4
72764,3356743,2024-12-08,Leicester City FC,Brighton & Hove Albion FC,2,2
72764,3356743,2024-12-08,Leicester City FC,Brighton & Hove Albion FC,2,2
72764,3356742,2024-12-08,Ipswich Town FC,AFC Bournemouth,1,2
72764,3356742,2024-12-08,Ipswich Town FC,AFC Bournemouth,1,2
72764,3356741,2024-12-08,Fulham FC,Arsenal FC,1,1
72764,3356741,2024-12-08,Fulham FC,Arsenal FC,1,1
72764,3356746,2024-12-09,West Ham United FC,Wolverhampton Wanderers FC,2,1
72764,3356746,2024-12-09,West Ham United FC,Wolverhampton Wanderers FC,2,1
72764,3356754,2024-12-14,Nottingham Forest FC,Aston Villa FC,2,1
72764,3356754,2024-12-14,Nottingham Forest FC,Aston Villa FC,2,1
72764,3356756,2024-12-14,Wolverhampton Wanderers FC,Ipswich Town FC,1,2
72764,3356756,2024-12-14,Wolverhampton Wanderers FC,Ipswich Town FC,1,2
72764,3356753,2024-12-14,Newcastle United FC,Leicester City FC,4,0
72764,3356753,2024-12-14,Newcastle United FC,Leicester City FC,4,0
72764,3356751,2024-12-14,Liverpool FC,Fulham FC,2,2
72764,3356751,2024-12-14,Liverpool FC,Fulham FC,2,2
72764,3356748,2024-12-14,Arsenal FC,Everton FC,0,0
72764,3356748,2024-12-14,Arsenal FC,Everton FC,0,0
72764,3356755,2024-12-15,Southampton FC,Tottenham Hotspur FC,0,5
72764,3356755,2024-12-15,Southampton FC,Tottenham Hotspur FC,0,5
72764,3356750,2024-12-15,Chelsea FC,Brentford FC,2,1
72764,3356750,2024-12-15,Chelsea FC,Brentford FC,2,1
72764,3356752,2024-12-15,Manchester City FC,Manchester United FC,1,2
72764,3356752,2024-12-15,Manchester City FC,Manchester United FC,1,2
72764,3356749,2024-12-15,Brighton & Hove Albion FC,Crystal Palace FC,1,3
72764,3356749,2024-12-15,Brighton & Hove Albion FC,Crystal Palace FC,1,3
72764,3356747,2024-12-16,AFC Bournemouth,West Ham United FC,1,1
72764,3356747,2024-12-16,AFC Bournemouth,West Ham United FC,1,1
72764,3356759,2024-12-21,Crystal Palace FC,Arsenal FC,1,5
72764,3356759,2024-12-21,Crystal Palace FC,Arsenal FC,1,5
72764,3356766,2024-12-21,West Ham United FC,Brighton & Hove Albion FC,1,1
72764,3356766,2024-12-21,West Ham United FC,Brighton & Hove Albion FC,1,1
72764,3356762,2024-12-21,Ipswich Town FC,Newcastle United FC,0,4
72764,3356762,2024-12-21,Ipswich Town FC,Newcastle United FC,0,4
72764,3356758,2024-12-21,Brentford FC,Nottingham Forest FC,0,2
72764,3356758,2024-12-21,Brentford FC,Nottingham Forest FC,0,2
72764,3356757,2024-12-21,Aston Villa FC,Manchester City FC,2,1
72764,3356757,2024-12-21,Aston Villa FC,Manchester City FC,2,1
72764,3356765,2024-12-22,Tottenham Hotspur FC,Liverpool FC,3,6
72764,3356765,2024-12-22,Tottenham Hotspur FC,Liverpool FC,3,6
72764,3356764,2024-12-22,Manchester United FC,AFC Bournemouth,0,3
72764,3356764,2024-12-22,Manchester United FC,AFC Bournemouth,0,3
72764,3356763,2024-12-22,Leicester City FC,Wolverhampton Wanderers FC,0,3
72764,3356763,2024-12-22,Leicester City FC,Wolverhampton Wanderers FC,0,3
72764,3356761,2024-12-22,Fulham FC,Southampton FC,0,0
72764,3356761,2024-12-22,Fulham FC,Southampton FC,0,0
72764,3356760,2024-12-22,Everton FC,Chelsea FC,0,0
72764,3356760,2024-12-22,Everton FC,Chelsea FC,0,0
72764,3356771,2024-12-26,Liverpool FC,Leicester City FC,3,1
72764,3356771,2024-12-26,Liverpool FC,Leicester City FC,3,1
72764,3356776,2024-12-26,Wolverhampton Wanderers FC,Manchester United FC,2,0
72764,3356776,2024-12-26,Wolverhampton Wanderers FC,Manchester United FC,2,0
72764,3356775,2024-12-26,Southampton FC,West Ham United FC,0,1
72764,3356775,2024-12-26,Southampton FC,West Ham United FC,0,1
72764,3356774,2024-12-26,Nottingham Forest FC,Tottenham Hotspur FC,1,0
72764,3356774,2024-12-26,Nottingham Forest FC,Tottenham Hotspur FC,1,0
72764,3356773,2024-12-26,Newcastle United FC,Aston Villa FC,3,0
72764,3356773,2024-12-26,Newcastle United FC,Aston Villa FC,3,0
72764,3356770,2024-12-26,Chelsea FC,Fulham FC,1,2
72764,3356770,2024-12-26,Chelsea FC,Fulham FC,1,2
72764,3356767,2024-12-26,AFC Bournemouth,Crystal Palace FC,0,0
72764,3356767,2024-12-26,AFC Bournemouth,Crystal Palace FC,0,0
72764,3356772,2024-12-26,Manchester City FC,Everton FC,1,1
72764,3356772,2024-12-26,Manchester City FC,Everton FC,1,1
72764,3356768,2024-12-27,Arsenal FC,Ipswich Town FC,1,0
72764,3356768,2024-12-27,Arsenal FC,Ipswich Town FC,1,0
72764,3356769,2024-12-27,Brighton & Hove Albion FC,Brentford FC,0,0
72764,3356769,2024-12-27,Brighton & Hove Albion FC,Brentford FC,0,0
72764,3356786,2024-12-29,West Ham United FC,Liverpool FC,0,5
72764,3356786,2024-12-29,West Ham United FC,Liverpool FC,0,5
72764,3356785,2024-12-29,Tottenham Hotspur FC,Wolverhampton Wanderers FC,2,2
72764,3356785,2024-12-29,Tottenham Hotspur FC,Wolverhampton Wanderers FC,2,2
72764,3356781,2024-12-29,Fulham FC,AFC Bournemouth,2,2
72764,3356781,2024-12-29,Fulham FC,AFC Bournemouth,2,2
72764,3356780,2024-12-29,Everton FC,Nottingham Forest FC,0,2
72764,3356780,2024-12-29,Everton FC,Nottingham Forest FC,0,2
72764,3356779,2024-12-29,Crystal Palace FC,Southampton FC,2,1
72764,3356779,2024-12-29,Crystal Palace FC,Southampton FC,2,1
72764,3356783,2024-12-29,Leicester City FC,Manchester City FC,0,2
72764,3356783,2024-12-29,Leicester City FC,Manchester City FC,0,2
72764,3356784,2024-12-30,Manchester United FC,Newcastle United FC,0,2
72764,3356784,2024-12-30,Manchester United FC,Newcastle United FC,0,2
72764,3356782,2024-12-30,Ipswich Town FC,Chelsea FC,2,0
72764,3356782,2024-12-30,Ipswich Town FC,Chelsea FC,2,0
72764,3356777,2024-12-30,Aston Villa FC,Brighton & Hove Albion FC,2,2
72764,3356777,2024-12-30,Aston Villa FC,Brighton & Hove Albion FC,2,2
72764,3356778,2025-01-01,Brentford FC,Arsenal FC,1,3
72764,3356778,2025-01-01,Brentford FC,Arsenal FC,1,3
72764,3356789,2025-01-04,Brighton & Hove Albion FC,Arsenal FC,1,1
72764,3356789,2025-01-04,Brighton & Hove Albion FC,Arsenal FC,1,1
72764,3356794,2025-01-04,Southampton FC,Brentford FC,0,5
72764,3356794,2025-01-04,Southampton FC,Brentford FC,0,5
72764,3356793,2025-01-04,Manchester City FC,West Ham United FC,4,1
72764,3356793,2025-01-04,Manchester City FC,West Ham United FC,4,1
72764,3356790,2025-01-04,Crystal Palace FC,Chelsea FC,1,1
72764,3356790,2025-01-04,Crystal Palace FC,Chelsea FC,1,1
72764,3356787,2025-01-04,AFC Bournemouth,Everton FC,1,0
72764,3356787,2025-01-04,AFC Bournemouth,Everton FC,1,0
72764,3356788,2025-01-04,Aston Villa FC,Leicester City FC,2,1
72764,3356788,2025-01-04,Aston Villa FC,Leicester City FC,2,1
72764,3356795,2025-01-04,Tottenham Hotspur FC,Newcastle United FC,1,2
72764,3356795,2025-01-04,Tottenham Hotspur FC,Newcastle United FC,1,2
72764,3356792,2025-01-05,Liverpool FC,Manchester United FC,2,2
72764,3356792,2025-01-05,Liverpool FC,Manchester United FC,2,2
72764,3356791,2025-01-05,Fulham FC,Ipswich Town FC,2,2
72764,3356791,2025-01-05,Fulham FC,Ipswich Town FC,2,2
72764,3356796,2025-01-06,Wolverhampton Wanderers FC,Nottingham Forest FC,0,3
72764,3356796,2025-01-06,Wolverhampton Wanderers FC,Nottingham Forest FC,0,3
72764,3356802,2025-01-14,Nottingham Forest FC,Liverpool FC,1,1
72764,3356802,2025-01-14,Nottingham Forest FC,Liverpool FC,1,1
72764,3356803,2025-01-14,West Ham United FC,Fulham FC,3,2
72764,3356803,2025-01-14,West Ham United FC,Fulham FC,3,2
72764,3356804,2025-01-14,Chelsea FC,AFC Bournemouth,2,2
72764,3356804,2025-01-14,Chelsea FC,AFC Bournemouth,2,2
72764,3356798,2025-01-14,Brentford FC,Manchester City FC,2,2
72764,3356798,2025-01-14,Brentford FC,Manchester City FC,2,2
72764,3356797,2025-01-15,Arsenal FC,Tottenham Hotspur FC,2,1
72764,3356797,2025-01-15,Arsenal FC,Tottenham Hotspur FC,2,1
72764,3356805,2025-01-15,Newcastle United FC,Wolverhampton Wanderers FC,3,0
72764,3356805,2025-01-15,Newcastle United FC,Wolverhampton Wanderers FC,3,0
72764,3356801,2025-01-15,Leicester City FC,Crystal Palace FC,0,2
72764,3356801,2025-01-15,Leicester City FC,Crystal Palace FC,0,2
72764,3356799,2025-01-15,Everton FC,Aston Villa FC,0,1
72764,3356799,2025-01-15,Everton FC,Aston Villa FC,0,1
72764,3356806,2025-01-16,Manchester United FC,Southampton FC,3,1
72764,3356806,2025-01-16,Manchester United FC,Southampton FC,3,1
72764,3356800,2025-01-16,Ipswich Town FC,Brighton & Hove Albion FC,0,2
72764,3356800,2025-01-16,Ipswich Town FC,Brighton & Hove Albion FC,0,2
72764,3356807,2025-01-18,Arsenal FC,Aston Villa FC,2,2
72764,3356807,2025-01-18,Arsenal FC,Aston Villa FC,2,2
72764,3356816,2025-01-18,West Ham United FC,Crystal Palace FC,0,2
72764,3356816,2025-01-18,West Ham United FC,Crystal Palace FC,0,2
72764,3356812,2025-01-18,Leicester City FC,Fulham FC,0,2
72764,3356812,2025-01-18,Leicester City FC,Fulham FC,0,2
72764,3356808,2025-01-18,Brentford FC,Liverpool FC,0,2
72764,3356808,2025-01-18,Brentford FC,Liverpool FC,0,2
72764,3356814,2025-01-18,Newcastle United FC,AFC Bournemouth,1,4
72764,3356814,2025-01-18,Newcastle United FC,AFC Bournemouth,1,4
72764,3356811,2025-01-19,Ipswich Town FC,Manchester City FC,0,6
72764,3356811,2025-01-19,Ipswich Town FC,Manchester City FC,0,6
72764,3356815,2025-01-19,Nottingham Forest FC,Southampton FC,3,2
72764,3356815,2025-01-19,Nottingham Forest FC,Southampton FC,3,2
72764,3356813,2025-01-19,Manchester United FC,Brighton & Hove Albion FC,1,3
72764,3356813,2025-01-19,Manchester United FC,Brighton & Hove Albion FC,1,3
72764,3356810,2025-01-19,Everton FC,Tottenham Hotspur FC,3,2
72764,3356810,2025-01-19,Everton FC,Tottenham Hotspur FC,3,2
72764,3356809,2025-01-20,Chelsea FC,Wolverhampton Wanderers FC,3,1
72764,3356809,2025-01-20,Chelsea FC,Wolverhampton Wanderers FC,3,1
72764,3356823,2025-01-25,Manchester City FC,Chelsea FC,3,1
72764,3356823,2025-01-25,Manchester City FC,Chelsea FC,3,1
72764,3356826,2025-01-25,Wolverhampton Wanderers FC,Arsenal FC,0,1
72764,3356826,2025-01-25,Wolverhampton Wanderers FC,Arsenal FC,0,1
72764,3356824,2025-01-25,Southampton FC,Newcastle United FC,1,3
72764,3356824,2025-01-25,Southampton FC,Newcastle United FC,1,3
72764,3356822,2025-01-25,Liverpool FC,Ipswich Town FC,4,1
72764,3356822,2025-01-25,Liverpool FC,Ipswich Town FC,4,1
72764,3356819,2025-01-25,Brighton & Hove Albion FC,Everton FC,0,1
72764,3356819,2025-01-25,Brighton & Hove Albion FC,Everton FC,0,1
72764,3356817,2025-01-25,AFC Bournemouth,Nottingham Forest FC,5,0
72764,3356817,2025-01-25,AFC Bournemouth,Nottingham Forest FC,5,0
72764,3356821,2025-01-26,Fulham FC,Manchester United FC,0,1
72764,3356821,2025-01-26,Fulham FC,Manchester United FC,0,1
72764,3356818,2025-01-26,Aston Villa FC,West Ham United FC,1,1
72764,3356818,2025-01-26,Aston Villa FC,West Ham United FC,1,1
72764,3356825,2025-01-26,Tottenham Hotspur FC,Leicester City FC,1,2
72764,3356825,2025-01-26,Tottenham Hotspur FC,Leicester City FC,1,2
72764,3356820,2025-01-26,Crystal Palace FC,Brentford FC,1,2
72764,3356820,2025-01-26,Crystal Palace FC,Brentford FC,1,2
72764,3356836,2025-02-01,Wolverhampton Wanderers FC,Aston Villa FC,2,0
72764,3356836,2025-02-01,Wolverhampton Wanderers FC,Aston Villa FC,2,0
72764,3356834,2025-02-01,Newcastle United FC,Fulham FC,1,2
72764,3356834,2025-02-01,Newcastle United FC,Fulham FC,1,2
72764,3356832,2025-02-01,Ipswich Town FC,Southampton FC,1,2
72764,3356832,2025-02-01,Ipswich Town FC,Southampton FC,1,2
72764,3356831,2025-02-01,Everton FC,Leicester City FC,4,0
72764,3356831,2025-02-01,Everton FC,Leicester City FC,4,0
72764,3356827,2025-02-01,AFC Bournemouth,Liverpool FC,0,2
72764,3356827,2025-02-01,AFC Bournemouth,Liverpool FC,0,2
72764,3356835,2025-02-01,Nottingham Forest FC,Brighton & Hove Albion FC,7,0
72764,3356835,2025-02-01,Nottingham Forest FC,Brighton & Hove Albion FC,7,0
72764,3356828,2025-02-02,Arsenal FC,Manchester City FC,5,1
72764,3356828,2025-02-02,Arsenal FC,Manchester City FC,5,1
72764,3356833,2025-02-02,Manchester United FC,Crystal Palace FC,0,2
72764,3356833,2025-02-02,Manchester United FC,Crystal Palace FC,0,2
72764,3356829,2025-02-02,Brentford FC,Tottenham Hotspur FC,0,2
72764,3356829,2025-02-02,Brentford FC,Tottenham Hotspur FC,0,2
72764,3356830,2025-02-03,Chelsea FC,West Ham United FC,2,1
72764,3356830,2025-02-03,Chelsea FC,West Ham United FC,2,1
72764,3356740,2025-02-12,Everton FC,Liverpool FC,2,2
72764,3356740,2025-02-12,Everton FC,Liverpool FC,2,2
72764,3356838,2025-02-14,Brighton & Hove Albion FC,Chelsea FC,3,0
72764,3356838,2025-02-14,Brighton & Hove Albion FC,Chelsea FC,3,0
72764,3356839,2025-02-15,Crystal Palace FC,Everton FC,1,2
72764,3356839,2025-02-15,Crystal Palace FC,Everton FC,1,2
72764,3356846,2025-02-15,West Ham United FC,Brentford FC,0,1
72764,3356846,2025-02-15,West Ham United FC,Brentford FC,0,1
72764,3356844,2025-02-15,Southampton FC,AFC Bournemouth,1,3
72764,3356844,2025-02-15,Southampton FC,AFC Bournemouth,1,3
72764,3356843,2025-02-15,Manchester City FC,Newcastle United FC,4,0
72764,3356843,2025-02-15,Manchester City FC,Newcastle United FC,4,0
72764,3356840,2025-02-15,Fulham FC,Nottingham Forest FC,2,1
72764,3356840,2025-02-15,Fulham FC,Nottingham Forest FC,2,1
72764,3356837,2025-02-15,Aston Villa FC,Ipswich Town FC,1,1
72764,3356837,2025-02-15,Aston Villa FC,Ipswich Town FC,1,1
72764,3356841,2025-02-15,Leicester City FC,Arsenal FC,0,2
72764,3356841,2025-02-15,Leicester City FC,Arsenal FC,0,2
72764,3356845,2025-02-16,Tottenham Hotspur FC,Manchester United FC,1,0
72764,3356845,2025-02-16,Tottenham Hotspur FC,Manchester United FC,1,0
72764,3356842,2025-02-16,Liverpool FC,Wolverhampton Wanderers FC,2,1
72764,3356842,2025-02-16,Liverpool FC,Wolverhampton Wanderers FC,2,1
72764,3356879,2025-02-19,Aston Villa FC,Liverpool FC,2,2
72764,3356879,2025-02-19,Aston Villa FC,Liverpool FC,2,2
72764,3356853,2025-02-21,Leicester City FC,Brentford FC,0,4
72764,3356853,2025-02-21,Leicester City FC,Brentford FC,0,4
72764,3356849,2025-02-22,Aston Villa FC,Chelsea FC,2,1
72764,3356849,2025-02-22,Aston Villa FC,Chelsea FC,2,1
72764,3356856,2025-02-22,Southampton FC,Brighton & Hove Albion FC,0,4
72764,3356856,2025-02-22,Southampton FC,Brighton & Hove Albion FC,0,4
72764,3356852,2025-02-22,Ipswich Town FC,Tottenham Hotspur FC,1,4
72764,3356852,2025-02-22,Ipswich Town FC,Tottenham Hotspur FC,1,4
72764,3356851,2025-02-22,Fulham FC,Crystal Palace FC,0,2
72764,3356851,2025-02-22,Fulham FC,Crystal Palace FC,0,2
72764,3356847,2025-02-22,AFC Bournemouth,Wolverhampton Wanderers FC,0,1
72764,3356847,2025-02-22,AFC Bournemouth,Wolverhampton Wanderers FC,0,1
72764,3356848,2025-02-22,Arsenal FC,West Ham United FC,0,1
72764,3356848,2025-02-22,Arsenal FC,West Ham United FC,0,1
72764,3356850,2025-02-22,Everton FC,Manchester United FC,2,2
72764,3356850,2025-02-22,Everton FC,Manchester United FC,2,2
72764,3356854,2025-02-23,Manchester City FC,Liverpool FC,0,2
72764,3356854,2025-02-23,Manchester City FC,Liverpool FC,0,2
72764,3356855,2025-02-23,Newcastle United FC,Nottingham Forest FC,4,3
72764,3356855,2025-02-23,Newcastle United FC,Nottingham Forest FC,4,3
72764,3356864,2025-02-25,Chelsea FC,Southampton FC,4,0
72764,3356864,2025-02-25,Chelsea FC,Southampton FC,4,0
72764,3356862,2025-02-25,Wolverhampton Wanderers FC,Fulham FC,1,2
72764,3356862,2025-02-25,Wolverhampton Wanderers FC,Fulham FC,1,2
72764,3356863,2025-02-25,Crystal Palace FC,Aston Villa FC,4,1
72764,3356863,2025-02-25,Crystal Palace FC,Aston Villa FC,4,1
72764,3356858,2025-02-25,Brighton & Hove Albion FC,AFC Bournemouth,2,1
72764,3356858,2025-02-25,Brighton & Hove Albion FC,AFC Bournemouth,2,1
72764,3356865,2025-02-26,Liverpool FC,Newcastle United FC,2,0
72764,3356865,2025-02-26,Liverpool FC,Newcastle United FC,2,0
72764,3356860,2025-02-26,Tottenham Hotspur FC,Manchester City FC,0,1
72764,3356860,2025-02-26,Tottenham Hotspur FC,Manchester City FC,0,1
72764,3356859,2025-02-26,Nottingham Forest FC,Arsenal FC,0,0
72764,3356859,2025-02-26,Nottingham Forest FC,Arsenal FC,0,0
72764,3356866,2025-02-26,Manchester United FC,Ipswich Town FC,3,2
72764,3356866,2025-02-26,Manchester United FC,Ipswich Town FC,3,2
72764,3356857,2025-02-26,Brentford FC,Everton FC,1,1
72764,3356857,2025-02-26,Brentford FC,Everton FC,1,1
72764,3356861,2025-02-27,West Ham United FC,Leicester City FC,2,0
72764,3356861,2025-02-27,West Ham United FC,Leicester City FC,2,0
72764,3356876,2025-03-08,Wolverhampton Wanderers FC,Everton FC,1,1
72764,3356876,2025-03-08,Wolverhampton Wanderers FC,Everton FC,1,1
72764,3356867,2025-03-08,Brentford FC,Aston Villa FC,0,1
72764,3356867,2025-03-08,Brentford FC,Aston Villa FC,0,1
72764,3356871,2025-03-08,Liverpool FC,Southampton FC,3,1
72764,3356871,2025-03-08,Liverpool FC,Southampton FC,3,1
72764,3356870,2025-03-08,Crystal Palace FC,Ipswich Town FC,1,0
72764,3356870,2025-03-08,Crystal Palace FC,Ipswich Town FC,1,0
72764,3356868,2025-03-08,Brighton & Hove Albion FC,Fulham FC,2,1
72764,3356868,2025-03-08,Brighton & Hove Albion FC,Fulham FC,2,1
72764,3356873,2025-03-08,Nottingham Forest FC,Manchester City FC,1,0
72764,3356873,2025-03-08,Nottingham Forest FC,Manchester City FC,1,0
72764,3356872,2025-03-09,Manchester United FC,Arsenal FC,1,1
72764,3356872,2025-03-09,Manchester United FC,Arsenal FC,1,1
72764,3356874,2025-03-09,Tottenham Hotspur FC,AFC Bournemouth,2,2
72764,3356874,2025-03-09,Tottenham Hotspur FC,AFC Bournemouth,2,2
72764,3356869,2025-03-09,Chelsea FC,Leicester City FC,1,0
72764,3356869,2025-03-09,Chelsea FC,Leicester City FC,1,0
72764,3356875,2025-03-10,West Ham United FC,Newcastle United FC,0,1
72764,3356875,2025-03-10,West Ham United FC,Newcastle United FC,0,1
72764,3356877,2025-03-15,AFC Bournemouth,Brentford FC,1,2
72764,3356877,2025-03-15,AFC Bournemouth,Brentford FC,1,2
72764,3356886,2025-03-15,Southampton FC,Wolverhampton Wanderers FC,1,2
72764,3356886,2025-03-15,Southampton FC,Wolverhampton Wanderers FC,1,2
72764,3356884,2025-03-15,Manchester City FC,Brighton & Hove Albion FC,2,2
72764,3356884,2025-03-15,Manchester City FC,Brighton & Hove Albion FC,2,2
72764,3356882,2025-03-15,Ipswich Town FC,Nottingham Forest FC,2,4
72764,3356882,2025-03-15,Ipswich Town FC,Nottingham Forest FC,2,4
72764,3356880,2025-03-15,Everton FC,West Ham United FC,1,1
72764,3356880,2025-03-15,Everton FC,West Ham United FC,1,1
72764,3356883,2025-03-16,Leicester City FC,Manchester United FC,0,3
72764,3356883,2025-03-16,Leicester City FC,Manchester United FC,0,3
72764,3356881,2025-03-16,Fulham FC,Tottenham Hotspur FC,2,0
72764,3356881,2025-03-16,Fulham FC,Tottenham Hotspur FC,2,0
72764,3356878,2025-03-16,Arsenal FC,Chelsea FC,1,0
72764,3356878,2025-03-16,Arsenal FC,Chelsea FC,1,0
72764,3356890,2025-04-01,Nottingham Forest FC,Manchester United FC,1,0
72764,3356890,2025-04-01,Nottingham Forest FC,Manchester United FC,1,0
72764,3356891,2025-04-01,Wolverhampton Wanderers FC,West Ham United FC,1,0
72764,3356891,2025-04-01,Wolverhampton Wanderers FC,West Ham United FC,1,0
72764,3356888,2025-04-01,Arsenal FC,Fulham FC,2,1
72764,3356888,2025-04-01,Arsenal FC,Fulham FC,2,1
72764,3356896,2025-04-02,Liverpool FC,Everton FC,1,0
72764,3356896,2025-04-02,Liverpool FC,Everton FC,1,0
72764,3356895,2025-04-02,Southampton FC,Crystal Palace FC,1,1
72764,3356895,2025-04-02,Southampton FC,Crystal Palace FC,1,1
72764,3356894,2025-04-02,Newcastle United FC,Brentford FC,2,1
72764,3356894,2025-04-02,Newcastle United FC,Brentford FC,2,1
72764,3356893,2025-04-02,Manchester City FC,Leicester City FC,2,0
72764,3356893,2025-04-02,Manchester City FC,Leicester City FC,2,0
72764,3356889,2025-04-02,Brighton & Hove Albion FC,Aston Villa FC,0,3
72764,3356889,2025-04-02,Brighton & Hove Albion FC,Aston Villa FC,0,3
72764,3356887,2025-04-02,AFC Bournemouth,Ipswich Town FC,1,2
72764,3356887,2025-04-02,AFC Bournemouth,Ipswich Town FC,1,2
72764,3356892,2025-04-03,Chelsea FC,Tottenham Hotspur FC,1,0
72764,3356892,2025-04-03,Chelsea FC,Tottenham Hotspur FC,1,0
72764,3356897,2025-04-05,Aston Villa FC,Nottingham Forest FC,2,1
72764,3356897,2025-04-05,Aston Villa FC,Nottingham Forest FC,2,1
72764,3356906,2025-04-05,West Ham United FC,AFC Bournemouth,2,2
72764,3356906,2025-04-05,West Ham United FC,AFC Bournemouth,2,2
72764,3356902,2025-04-05,Ipswich Town FC,Wolverhampton Wanderers FC,1,2
72764,3356902,2025-04-05,Ipswich Town FC,Wolverhampton Wanderers FC,1,2
72764,3356899,2025-04-05,Crystal Palace FC,Brighton & Hove Albion FC,2,1
72764,3356899,2025-04-05,Crystal Palace FC,Brighton & Hove Albion FC,2,1
72764,3356900,2025-04-05,Everton FC,Arsenal FC,1,1
72764,3356900,2025-04-05,Everton FC,Arsenal FC,1,1
72764,3356904,2025-04-06,Manchester United FC,Manchester City FC,0,0
72764,3356904,2025-04-06,Manchester United FC,Manchester City FC,0,0
72764,3356905,2025-04-06,Tottenham Hotspur FC,Southampton FC,3,1
72764,3356905,2025-04-06,Tottenham Hotspur FC,Southampton FC,3,1
72764,3356901,2025-04-06,Fulham FC,Liverpool FC,3,2
72764,3356901,2025-04-06,Fulham FC,Liverpool FC,3,2
72764,3356898,2025-04-06,Brentford FC,Chelsea FC,0,0
72764,3356898,2025-04-06,Brentford FC,Chelsea FC,0,0
72764,3356903,2025-04-07,Leicester City FC,Newcastle United FC,0,3
72764,3356903,2025-04-07,Leicester City FC,Newcastle United FC,0,3
72764,3356908,2025-04-12,Arsenal FC,Brentford FC,1,1
72764,3356908,2025-04-12,Arsenal FC,Brentford FC,1,1
72764,3356915,2025-04-12,Southampton FC,Aston Villa FC,0,3
72764,3356915,2025-04-12,Southampton FC,Aston Villa FC,0,3
72764,3356914,2025-04-12,Nottingham Forest FC,Everton FC,0,1
72764,3356914,2025-04-12,Nottingham Forest FC,Everton FC,0,1
72764,3356909,2025-04-12,Brighton & Hove Albion FC,Leicester City FC,2,2
72764,3356909,2025-04-12,Brighton & Hove Albion FC,Leicester City FC,2,2
72764,3356912,2025-04-12,Manchester City FC,Crystal Palace FC,5,2
72764,3356912,2025-04-12,Manchester City FC,Crystal Palace FC,5,2
72764,3356913,2025-04-13,Newcastle United FC,Manchester United FC,4,1
72764,3356913,2025-04-13,Newcastle United FC,Manchester United FC,4,1
72764,3356916,2025-04-13,Wolverhampton Wanderers FC,Tottenham Hotspur FC,4,2
72764,3356916,2025-04-13,Wolverhampton Wanderers FC,Tottenham Hotspur FC,4,2
72764,3356911,2025-04-13,Liverpool FC,West Ham United FC,2,1
72764,3356911,2025-04-13,Liverpool FC,West Ham United FC,2,1
72764,3356910,2025-04-13,Chelsea FC,Ipswich Town FC,2,2
72764,3356910,2025-04-13,Chelsea FC,Ipswich Town FC,2,2
72764,3356907,2025-04-14,AFC Bournemouth,Fulham FC,1,0
72764,3356907,2025-04-14,AFC Bournemouth,Fulham FC,1,0
72764,3356885,2025-04-16,Newcastle United FC,Crystal Palace FC,5,0
72764,3356885,2025-04-16,Newcastle United FC,Crystal Palace FC,5,0
72764,3356917,2025-04-19,Aston Villa FC,Newcastle United FC,4,1
72764,3356917,2025-04-19,Aston Villa FC,Newcastle United FC,4,1
72764,3356926,2025-04-19,West Ham United FC,Southampton FC,1,1
72764,3356926,2025-04-19,West Ham United FC,Southampton FC,1,1
72764,3356920,2025-04-19,Everton FC,Manchester City FC,0,2
72764,3356920,2025-04-19,Everton FC,Manchester City FC,0,2
72764,3356919,2025-04-19,Crystal Palace FC,AFC Bournemouth,0,0
72764,3356919,2025-04-19,Crystal Palace FC,AFC Bournemouth,0,0
72764,3356918,2025-04-19,Brentford FC,Brighton & Hove Albion FC,4,2
72764,3356918,2025-04-19,Brentford FC,Brighton & Hove Albion FC,4,2
72764,3356923,2025-04-20,Leicester City FC,Liverpool FC,0,1
72764,3356923,2025-04-20,Leicester City FC,Liverpool FC,0,1
72764,3356924,2025-04-20,Manchester United FC,Wolverhampton Wanderers FC,0,1
72764,3356924,2025-04-20,Manchester United FC,Wolverhampton Wanderers FC,0,1
72764,3356922,2025-04-20,Ipswich Town FC,Arsenal FC,0,4
72764,3356922,2025-04-20,Ipswich Town FC,Arsenal FC,0,4
72764,3356921,2025-04-20,Fulham FC,Chelsea FC,1,2
72764,3356921,2025-04-20,Fulham FC,Chelsea FC,1,2
72764,3356925,2025-04-21,Tottenham Hotspur FC,Nottingham Forest FC,1,2
72764,3356925,2025-04-21,Tottenham Hotspur FC,Nottingham Forest FC,1,2
72764,3356932,2025-04-22,Manchester City FC,Aston Villa FC,2,1
72764,3356932,2025-04-22,Manchester City FC,Aston Villa FC,2,1
72764,3356928,2025-04-23,Arsenal FC,Crystal Palace FC,2,2
72764,3356928,2025-04-23,Arsenal FC,Crystal Palace FC,2,2
72764,3356936,2025-04-26,Wolverhampton Wanderers FC,Leicester City FC,3,0
72764,3356936,2025-04-26,Wolverhampton Wanderers FC,Leicester City FC,3,0
72764,3356935,2025-04-26,Southampton FC,Fulham FC,1,2
72764,3356935,2025-04-26,Southampton FC,Fulham FC,1,2
72764,3356933,2025-04-26,Newcastle United FC,Ipswich Town FC,3,0
72764,3356933,2025-04-26,Newcastle United FC,Ipswich Town FC,3,0
72764,3356929,2025-04-26,Brighton & Hove Albion FC,West Ham United FC,3,2
72764,3356929,2025-04-26,Brighton & Hove Albion FC,West Ham United FC,3,2
72764,3356930,2025-04-26,Chelsea FC,Everton FC,1,0
72764,3356930,2025-04-26,Chelsea FC,Everton FC,1,0
72764,3356931,2025-04-27,Liverpool FC,Tottenham Hotspur FC,5,1
72764,3356931,2025-04-27,Liverpool FC,Tottenham Hotspur FC,5,1
72764,3356927,2025-04-27,AFC Bournemouth,Manchester United FC,1,1
72764,3356927,2025-04-27,AFC Bournemouth,Manchester United FC,1,1
72764,3356934,2025-05-01,Nottingham Forest FC,Brentford FC,0,2
72764,3356934,2025-05-01,Nottingham Forest FC,Brentford FC,0,2
72764,3356945,2025-05-02,Manchester City FC,Wolverhampton Wanderers FC,1,0
72764,3356945,2025-05-02,Manchester City FC,Wolverhampton Wanderers FC,1,0
72764,3356937,2025-05-03,Arsenal FC,AFC Bournemouth,1,2
72764,3356937,2025-05-03,Arsenal FC,AFC Bournemouth,1,2
72764,3356944,2025-05-03,Leicester City FC,Southampton FC,2,0
72764,3356944,2025-05-03,Leicester City FC,Southampton FC,2,0
72764,3356943,2025-05-03,Everton FC,Ipswich Town FC,2,2
72764,3356943,2025-05-03,Everton FC,Ipswich Town FC,2,2
72764,3356938,2025-05-03,Aston Villa FC,Fulham FC,1,0
72764,3356938,2025-05-03,Aston Villa FC,Fulham FC,1,0
72764,3356941,2025-05-04,Chelsea FC,Liverpool FC,3,1
72764,3356941,2025-05-04,Chelsea FC,Liverpool FC,3,1
72764,3356946,2025-05-04,West Ham United FC,Tottenham Hotspur FC,1,1
72764,3356946,2025-05-04,West Ham United FC,Tottenham Hotspur FC,1,1
72764,3356940,2025-05-04,Brighton & Hove Albion FC,Newcastle United FC,1,1
72764,3356940,2025-05-04,Brighton & Hove Albion FC,Newcastle United FC,1,1
72764,3356939,2025-05-04,Brentford FC,Manchester United FC,4,3
72764,3356939,2025-05-04,Brentford FC,Manchester United FC,4,3
72764,3356942,2025-05-05,Crystal Palace FC,Nottingham Forest FC,1,1
72764,3356942,2025-05-05,Crystal Palace FC,Nottingham Forest FC,1,1
72764,3356947,2025-05-10,AFC Bournemouth,Aston Villa FC,0,1
72764,3356947,2025-05-10,AFC Bournemouth,Aston Villa FC,0,1
72764,3356956,2025-05-10,Wolverhampton Wanderers FC,Brighton & Hove Albion FC,0,2
72764,3356956,2025-05-10,Wolverhampton Wanderers FC,Brighton & Hove Albion FC,0,2
72764,3356954,2025-05-10,Southampton FC,Manchester City FC,0,0
72764,3356954,2025-05-10,Southampton FC,Manchester City FC,0,0
72764,3356949,2025-05-10,Ipswich Town FC,Brentford FC,0,1
72764,3356949,2025-05-10,Ipswich Town FC,Brentford FC,0,1
72764,3356948,2025-05-10,Fulham FC,Everton FC,1,3
72764,3356948,2025-05-10,Fulham FC,Everton FC,1,3
72764,3356950,2025-05-11,Liverpool FC,Arsenal FC,2,2
72764,3356950,2025-05-11,Liverpool FC,Arsenal FC,2,2
72764,3356955,2025-05-11,Tottenham Hotspur FC,Crystal Palace FC,0,2
72764,3356955,2025-05-11,Tottenham Hotspur FC,Crystal Palace FC,0,2
72764,3356953,2025-05-11,Nottingham Forest FC,Leicester City FC,2,2
72764,3356953,2025-05-11,Nottingham Forest FC,Leicester City FC,2,2
72764,3356951,2025-05-11,Manchester United FC,West Ham United FC,0,2
72764,3356951,2025-05-11,Manchester United FC,West Ham United FC,0,2
72764,3356952,2025-05-11,Newcastle United FC,Chelsea FC,2,0
72764,3356952,2025-05-11,Newcastle United FC,Chelsea FC,2,0
72764,3356961,2025-05-16,Chelsea FC,Manchester United FC,1,0
72764,3356961,2025-05-16,Chelsea FC,Manchester United FC,1,0
72764,3356958,2025-05-16,Aston Villa FC,Tottenham Hotspur FC,2,0
72764,3356958,2025-05-16,Aston Villa FC,Tottenham Hotspur FC,2,0
72764,3356957,2025-05-18,Arsenal FC,Newcastle United FC,1,0
72764,3356957,2025-05-18,Arsenal FC,Newcastle United FC,1,0
72764,3356964,2025-05-18,Leicester City FC,Ipswich Town FC,2,0
72764,3356964,2025-05-18,Leicester City FC,Ipswich Town FC,2,0
72764,3356959,2025-05-18,Brentford FC,Fulham FC,2,3
72764,3356959,2025-05-18,Brentford FC,Fulham FC,2,3
72764,3356966,2025-05-18,West Ham United FC,Nottingham Forest FC,1,2
72764,3356966,2025-05-18,West Ham United FC,Nottingham Forest FC,1,2
72764,3356963,2025-05-18,Everton FC,Southampton FC,2,0
72764,3356963,2025-05-18,Everton FC,Southampton FC,2,0
72764,3356960,2025-05-19,Brighton & Hove Albion FC,Liverpool FC,3,2
72764,3356960,2025-05-19,Brighton & Hove Albion FC,Liverpool FC,3,2
72764,3356965,2025-05-20,Manchester City FC,AFC Bournemouth,3,1
72764,3356965,2025-05-20,Manchester City FC,AFC Bournemouth,3,1
72764,3356962,2025-05-20,Crystal Palace FC,Wolverhampton Wanderers FC,4,2
72764,3356962,2025-05-20,Crystal Palace FC,Wolverhampton Wanderers FC,4,2
72764,3356976,2025-05-25,Wolverhampton Wanderers FC,Brentford FC,1,1
72764,3356976,2025-05-25,Wolverhampton Wanderers FC,Brentford FC,1,1
72764,3356975,2025-05-25,Tottenham Hotspur FC,Brighton & Hove Albion FC,1,4
72764,3356975,2025-05-25,Tottenham Hotspur FC,Brighton & Hove Albion FC,1,4
72764,3356974,2025-05-25,Southampton FC,Arsenal FC,1,2
72764,3356974,2025-05-25,Southampton FC,Arsenal FC,1,2
72764,3356973,2025-05-25,Nottingham Forest FC,Chelsea FC,0,1
72764,3356973,2025-05-25,Nottingham Forest FC,Chelsea FC,0,1
72764,3356972,2025-05-25,Newcastle United FC,Everton FC,0,1
72764,3356972,2025-05-25,Newcastle United FC,Everton FC,0,1
72764,3356971,2025-05-25,Manchester United FC,Aston Villa FC,2,0
72764,3356971,2025-05-25,Manchester United FC,Aston Villa FC,2,0
72764,3356970,2025-05-25,Liverpool FC,Crystal Palace FC,1,1
72764,3356970,2025-05-25,Liverpool FC,Crystal Palace FC,1,1
72764,3356969,2025-05-25,Ipswich Town FC,West Ham United FC,1,3
72764,3356969,2025-05-25,Ipswich Town FC,West Ham United FC,1,3
72764,3356968,2025-05-25,Fulham FC,Manchester City FC,0,2
72764,3356968,2025-05-25,Fulham FC,Manchester City FC,0,2
72764,3356967,2025-05-25,AFC Bournemouth,Leicester City FC,2,0
72764,3356967,2025-05-25,AFC Bournemouth,Leicester City FC,2,0
